Year,ZIP_Code,Cancer Group,Male Count,Female Count,Total_Count
2011-2015,60002,All Cancers Combined,354.00,395.00,749.00
2011-2015,60004,All Cancers Combined,718.00,858.00,1576.00
2011-2015,60044,All Cancers Combined,140.00,177.00,317.00
2011-2015,60045,All Cancers Combined,346.00,353.00,699.00
2011-2015,60046,All Cancers Combined,383.00,474.00,857.00
2011-2015,60047,All Cancers Combined,449.00,582.00,1031.00
2011-2015,60048,All Cancers Combined,329.00,445.00,774.00
2011-2015,60050,All Cancers Combined,363.00,473.00,836.00
2011-2015,60051,All Cancers Combined,303.00,345.00,648.00
2011-2015,60053,All Cancers Combined,406.00,413.00,819.00
2011-2015,60056,All Cancers Combined,699.00,900.00,1599.00
2011-2015,60060,All Cancers Combined,415.00,467.00,882.00
2011-2015,60061,All Cancers Combined,272.00,374.00,646.00
2011-2015,60062,All Cancers Combined,804.00,913.00,1717.00
2011-2015,60064,All Cancers Combined,152.00,163.00,315.00
2011-2015,60065,All Cancers Combined,1.00,4.00,5.00
2011-2015,60067,All Cancers Combined,523.00,606.00,1129.00
2011-2015,60068,All Cancers Combined,571.00,675.00,1246.00
2011-2015,60069,All Cancers Combined,163.00,164.00,327.00
2011-2015,60005,All Cancers Combined,399.00,526.00,925.00
2011-2015,60006,All Cancers Combined,2.00,4.00,6.00
2011-2015,60007,All Cancers Combined,488.00,600.00,1088.00
2011-2015,60008,All Cancers Combined,291.00,289.00,580.00
2011-2015,60009,All Cancers Combined,1.00,1.00,2.00
2011-2015,60010,All Cancers Combined,701.00,764.00,1465.00
2011-2015,60011,All Cancers Combined,8.00,2.00,10.00
2011-2015,60012,All Cancers Combined,125.00,166.00,291.00
2011-2015,60013,All Cancers Combined,269.00,351.00,620.00
2011-2015,60014,All Cancers Combined,525.00,634.00,1159.00
2011-2015,60015,All Cancers Combined,393.00,469.00,862.00
2011-2015,60016,All Cancers Combined,794.00,959.00,1753.00
2011-2015,60017,All Cancers Combined,0.00,4.00,4.00
2011-2015,60018,All Cancers Combined,385.00,384.00,769.00
2011-2015,60019,All Cancers Combined,2.00,2.00,4.00
2011-2015,60020,All Cancers Combined,150.00,168.00,318.00
2011-2015,60021,All Cancers Combined,70.00,71.00,141.00
2011-2015,60022,All Cancers Combined,136.00,163.00,299.00
2011-2015,60025,All Cancers Combined,598.00,779.00,1377.00
2011-2015,60026,All Cancers Combined,232.00,244.00,476.00
2011-2015,60029,All Cancers Combined,8.00,10.00,18.00
2011-2015,60030,All Cancers Combined,415.00,559.00,974.00
2011-2015,60031,All Cancers Combined,404.00,523.00,927.00
2011-2015,60033,All Cancers Combined,181.00,145.00,326.00
2011-2015,60034,All Cancers Combined,38.00,29.00,67.00
2011-2015,60035,All Cancers Combined,539.00,576.00,1115.00
2011-2015,60039,All Cancers Combined,5.00,6.00,11.00
2011-2015,60040,All Cancers Combined,43.00,67.00,110.00
2011-2015,60041,All Cancers Combined,134.00,157.00,291.00
2011-2015,60042,All Cancers Combined,94.00,100.00,194.00
2011-2015,60043,All Cancers Combined,35.00,30.00,65.00
2011-2015,60070,All Cancers Combined,197.00,232.00,429.00
2011-2015,60071,All Cancers Combined,56.00,68.00,124.00
2011-2015,60072,All Cancers Combined,14.00,12.00,26.00
2011-2015,60073,All Cancers Combined,491.00,574.00,1065.00
2011-2015,60074,All Cancers Combined,388.00,504.00,892.00
2011-2015,60075,All Cancers Combined,4.00,3.00,7.00
2011-2015,60076,All Cancers Combined,523.00,562.00,1085.00
2011-2015,60077,All Cancers Combined,407.00,499.00,906.00
2011-2015,60078,All Cancers Combined,3.00,3.00,6.00
2011-2015,60079,All Cancers Combined,3.00,4.00,7.00
2011-2015,60081,All Cancers Combined,150.00,119.00,269.00
2011-2015,60082,All Cancers Combined,6.00,3.00,9.00
2011-2015,60083,All Cancers Combined,112.00,135.00,247.00
2011-2015,60084,All Cancers Combined,195.00,258.00,453.00
2011-2015,60085,All Cancers Combined,535.00,541.00,1076.00
2011-2015,60087,All Cancers Combined,285.00,303.00,588.00
2011-2015,60088,All Cancers Combined,8.00,19.00,27.00
2011-2015,60089,All Cancers Combined,540.00,748.00,1288.00
2011-2015,60090,All Cancers Combined,404.00,530.00,934.00
2011-2015,60091,All Cancers Combined,398.00,550.00,948.00
2011-2015,60093,All Cancers Combined,313.00,345.00,658.00
2011-2015,60096,All Cancers Combined,114.00,100.00,214.00
2011-2015,60097,All Cancers Combined,143.00,143.00,286.00
2011-2015,60098,All Cancers Combined,408.00,418.00,826.00
2011-2015,60099,All Cancers Combined,317.00,378.00,695.00
2011-2015,60101,All Cancers Combined,482.00,491.00,973.00
2011-2015,60102,All Cancers Combined,328.00,386.00,714.00
2011-2015,60103,All Cancers Combined,412.00,535.00,947.00
2011-2015,60104,All Cancers Combined,232.00,280.00,512.00
2011-2015,60106,All Cancers Combined,265.00,242.00,507.00
2011-2015,60107,All Cancers Combined,403.00,436.00,839.00
2011-2015,60108,All Cancers Combined,334.00,431.00,765.00
2011-2015,60109,All Cancers Combined,12.00,10.00,22.00
2011-2015,60110,All Cancers Combined,263.00,274.00,537.00
2011-2015,60111,All Cancers Combined,6.00,10.00,16.00
2011-2015,60112,All Cancers Combined,31.00,44.00,75.00
2011-2015,60113,All Cancers Combined,7.00,3.00,10.00
2011-2015,60115,All Cancers Combined,393.00,424.00,817.00
2011-2015,60118,All Cancers Combined,233.00,224.00,457.00
2011-2015,60119,All Cancers Combined,116.00,145.00,261.00
2011-2015,60120,All Cancers Combined,439.00,445.00,884.00
2011-2015,60121,All Cancers Combined,12.00,5.00,17.00
2011-2015,60123,All Cancers Combined,551.00,612.00,1163.00
2011-2015,60124,All Cancers Combined,294.00,296.00,590.00
2011-2015,60126,All Cancers Combined,602.00,747.00,1349.00
2011-2015,60129,All Cancers Combined,2.00,2.00,4.00
2011-2015,60130,All Cancers Combined,214.00,243.00,457.00
2011-2015,60131,All Cancers Combined,226.00,233.00,459.00
2011-2015,60133,All Cancers Combined,349.00,372.00,721.00
2011-2015,60134,All Cancers Combined,339.00,395.00,734.00
2011-2015,60135,All Cancers Combined,94.00,116.00,210.00
2011-2015,60136,All Cancers Combined,44.00,70.00,114.00
2011-2015,60137,All Cancers Combined,537.00,634.00,1171.00
2011-2015,60138,All Cancers Combined,6.00,2.00,8.00
2011-2015,60139,All Cancers Combined,283.00,332.00,615.00
2011-2015,60140,All Cancers Combined,186.00,185.00,371.00
2011-2015,60141,All Cancers Combined,20.00,8.00,28.00
2011-2015,60142,All Cancers Combined,578.00,562.00,1140.00
2011-2015,60143,All Cancers Combined,156.00,169.00,325.00
2011-2015,60144,All Cancers Combined,7.00,0.00,7.00
2011-2015,60145,All Cancers Combined,55.00,36.00,91.00
2011-2015,60146,All Cancers Combined,33.00,34.00,67.00
2011-2015,60147,All Cancers Combined,5.00,3.00,8.00
2011-2015,60148,All Cancers Combined,713.00,825.00,1538.00
2011-2015,60150,All Cancers Combined,20.00,29.00,49.00
2011-2015,60151,All Cancers Combined,62.00,55.00,117.00
2011-2015,60152,All Cancers Combined,174.00,187.00,361.00
2011-2015,60153,All Cancers Combined,294.00,347.00,641.00
2011-2015,60154,All Cancers Combined,297.00,347.00,644.00
2011-2015,60155,All Cancers Combined,140.00,129.00,269.00
2011-2015,60156,All Cancers Combined,247.00,287.00,534.00
2011-2015,60157,All Cancers Combined,51.00,48.00,99.00
2011-2015,60159,All Cancers Combined,1.00,1.00,2.00
2011-2015,60160,All Cancers Combined,238.00,276.00,514.00
2011-2015,60161,All Cancers Combined,0.00,2.00,2.00
2011-2015,60162,All Cancers Combined,108.00,115.00,223.00
2011-2015,60163,All Cancers Combined,61.00,77.00,138.00
2011-2015,60164,All Cancers Combined,281.00,314.00,595.00
2011-2015,60165,All Cancers Combined,32.00,37.00,69.00
2011-2015,60168,All Cancers Combined,2.00,6.00,8.00
2011-2015,60169,All Cancers Combined,372.00,403.00,775.00
2011-2015,60171,All Cancers Combined,123.00,151.00,274.00
2011-2015,60172,All Cancers Combined,324.00,384.00,708.00
2011-2015,60173,All Cancers Combined,118.00,111.00,229.00
2011-2015,60174,All Cancers Combined,431.00,464.00,895.00
2011-2015,60175,All Cancers Combined,297.00,291.00,588.00
2011-2015,60176,All Cancers Combined,132.00,131.00,263.00
2011-2015,60177,All Cancers Combined,227.00,271.00,498.00
2011-2015,60178,All Cancers Combined,261.00,323.00,584.00
2011-2015,60180,All Cancers Combined,26.00,19.00,45.00
2011-2015,60181,All Cancers Combined,367.00,414.00,781.00
2011-2015,60183,All Cancers Combined,2.00,4.00,6.00
2011-2015,60184,All Cancers Combined,28.00,37.00,65.00
2011-2015,60185,All Cancers Combined,372.00,405.00,777.00
2011-2015,60186,All Cancers Combined,2.00,2.00,4.00
2011-2015,60187,All Cancers Combined,323.00,420.00,743.00
2011-2015,60188,All Cancers Combined,454.00,557.00,1011.00
2011-2015,60189,All Cancers Combined,354.00,552.00,906.00
2011-2015,60190,All Cancers Combined,175.00,207.00,382.00
2011-2015,60191,All Cancers Combined,235.00,225.00,460.00
2011-2015,60192,All Cancers Combined,166.00,217.00,383.00
2011-2015,60193,All Cancers Combined,586.00,639.00,1225.00
2011-2015,60194,All Cancers Combined,244.00,305.00,549.00
2011-2015,60195,All Cancers Combined,25.00,37.00,62.00
2011-2015,60201,All Cancers Combined,507.00,655.00,1162.00
2011-2015,60202,All Cancers Combined,308.00,523.00,831.00
2011-2015,60203,All Cancers Combined,72.00,111.00,183.00
2011-2015,60204,All Cancers Combined,4.00,4.00,8.00
2011-2015,60290,All Cancers Combined,1.00,0.00,1.00
2011-2015,60301,All Cancers Combined,17.00,20.00,37.00
2011-2015,60302,All Cancers Combined,398.00,525.00,923.00
2011-2015,60303,All Cancers Combined,5.00,1.00,6.00
2011-2015,60304,All Cancers Combined,164.00,241.00,405.00
2011-2015,60305,All Cancers Combined,149.00,190.00,339.00
2011-2015,60401,All Cancers Combined,133.00,152.00,285.00
2011-2015,60402,All Cancers Combined,646.00,729.00,1375.00
2011-2015,60403,All Cancers Combined,265.00,311.00,576.00
2011-2015,60404,All Cancers Combined,239.00,285.00,524.00
2011-2015,60406,All Cancers Combined,262.00,290.00,552.00
2011-2015,60407,All Cancers Combined,30.00,22.00,52.00
2011-2015,60408,All Cancers Combined,72.00,78.00,150.00
2011-2015,60409,All Cancers Combined,444.00,570.00,1014.00
2011-2015,60410,All Cancers Combined,163.00,138.00,301.00
2011-2015,60411,All Cancers Combined,696.00,769.00,1465.00
2011-2015,60412,All Cancers Combined,2.00,4.00,6.00
2011-2015,60415,All Cancers Combined,164.00,203.00,367.00
2011-2015,60416,All Cancers Combined,156.00,140.00,296.00
2011-2015,60417,All Cancers Combined,262.00,228.00,490.00
2011-2015,60418,All Cancers Combined,1.00,4.00,5.00
2011-2015,60419,All Cancers Combined,299.00,304.00,603.00
2011-2015,60420,All Cancers Combined,90.00,79.00,169.00
2011-2015,60421,All Cancers Combined,74.00,50.00,124.00
2011-2015,60422,All Cancers Combined,152.00,183.00,335.00
2011-2015,60423,All Cancers Combined,448.00,424.00,872.00
2011-2015,60424,All Cancers Combined,45.00,31.00,76.00
2011-2015,60425,All Cancers Combined,126.00,134.00,260.00
2011-2015,60426,All Cancers Combined,366.00,383.00,749.00
2011-2015,60428,All Cancers Combined,180.00,180.00,360.00
2011-2015,60429,All Cancers Combined,233.00,243.00,476.00
2011-2015,60430,All Cancers Combined,303.00,361.00,664.00
2011-2015,60431,All Cancers Combined,261.00,272.00,533.00
2011-2015,60432,All Cancers Combined,206.00,183.00,389.00
2011-2015,60433,All Cancers Combined,241.00,199.00,440.00
2011-2015,60434,All Cancers Combined,51.00,15.00,66.00
2011-2015,60435,All Cancers Combined,637.00,636.00,1273.00
2011-2015,60436,All Cancers Combined,238.00,244.00,482.00
2011-2015,60437,All Cancers Combined,0.00,4.00,4.00
2011-2015,60438,All Cancers Combined,395.00,479.00,874.00
2011-2015,60439,All Cancers Combined,352.00,362.00,714.00
2011-2015,60440,All Cancers Combined,498.00,622.00,1120.00
2011-2015,60441,All Cancers Combined,368.00,428.00,796.00
2011-2015,60442,All Cancers Combined,114.00,103.00,217.00
2011-2015,60443,All Cancers Combined,326.00,324.00,650.00
2011-2015,60444,All Cancers Combined,34.00,26.00,60.00
2011-2015,60445,All Cancers Combined,369.00,443.00,812.00
2011-2015,60446,All Cancers Combined,409.00,448.00,857.00
2011-2015,60447,All Cancers Combined,160.00,143.00,303.00
2011-2015,60448,All Cancers Combined,376.00,342.00,718.00
2011-2015,60449,All Cancers Combined,151.00,127.00,278.00
2011-2015,60450,All Cancers Combined,336.00,321.00,657.00
2011-2015,60451,All Cancers Combined,423.00,467.00,890.00
2011-2015,60452,All Cancers Combined,414.00,410.00,824.00
2011-2015,60453,All Cancers Combined,854.00,1001.00,1855.00
2011-2015,60454,All Cancers Combined,1.00,2.00,3.00
2011-2015,60455,All Cancers Combined,236.00,262.00,498.00
2011-2015,60456,All Cancers Combined,67.00,77.00,144.00
2011-2015,60457,All Cancers Combined,212.00,230.00,442.00
2011-2015,60458,All Cancers Combined,165.00,154.00,319.00
2011-2015,60459,All Cancers Combined,395.00,398.00,793.00
2011-2015,60460,All Cancers Combined,20.00,23.00,43.00
2011-2015,60461,All Cancers Combined,111.00,108.00,219.00
2011-2015,60462,All Cancers Combined,655.00,836.00,1491.00
2011-2015,60463,All Cancers Combined,366.00,384.00,750.00
2011-2015,60464,All Cancers Combined,212.00,221.00,433.00
2011-2015,60465,All Cancers Combined,289.00,293.00,582.00
2011-2015,60466,All Cancers Combined,247.00,365.00,612.00
2011-2015,60467,All Cancers Combined,463.00,485.00,948.00
2011-2015,60468,All Cancers Combined,104.00,79.00,183.00
2011-2015,60469,All Cancers Combined,62.00,60.00,122.00
2011-2015,60470,All Cancers Combined,9.00,12.00,21.00
2011-2015,60471,All Cancers Combined,168.00,197.00,365.00
2011-2015,60472,All Cancers Combined,85.00,88.00,173.00
2011-2015,60473,All Cancers Combined,330.00,378.00,708.00
2011-2015,60474,All Cancers Combined,15.00,7.00,22.00
2011-2015,60475,All Cancers Combined,154.00,136.00,290.00
2011-2015,60476,All Cancers Combined,37.00,38.00,75.00
2011-2015,60477,All Cancers Combined,618.00,646.00,1264.00
2011-2015,60478,All Cancers Combined,242.00,264.00,506.00
2011-2015,60479,All Cancers Combined,7.00,9.00,16.00
2011-2015,60480,All Cancers Combined,91.00,77.00,168.00
2011-2015,60481,All Cancers Combined,230.00,192.00,422.00
2011-2015,60482,All Cancers Combined,187.00,160.00,347.00
2011-2015,60484,All Cancers Combined,79.00,90.00,169.00
2011-2015,60487,All Cancers Combined,351.00,386.00,737.00
2011-2015,60490,All Cancers Combined,155.00,208.00,363.00
2011-2015,60491,All Cancers Combined,396.00,366.00,762.00
2011-2015,60499,All Cancers Combined,2.00,0.00,2.00
2011-2015,60501,All Cancers Combined,117.00,114.00,231.00
2011-2015,60502,All Cancers Combined,175.00,237.00,412.00
2011-2015,60503,All Cancers Combined,89.00,147.00,236.00
2011-2015,60504,All Cancers Combined,231.00,371.00,602.00
2011-2015,60505,All Cancers Combined,462.00,435.00,897.00
2011-2015,60506,All Cancers Combined,602.00,596.00,1198.00
2011-2015,60507,All Cancers Combined,6.00,10.00,16.00
2011-2015,60510,All Cancers Combined,353.00,443.00,796.00
2011-2015,60511,All Cancers Combined,32.00,25.00,57.00
2011-2015,60512,All Cancers Combined,24.00,16.00,40.00
2011-2015,60513,All Cancers Combined,245.00,280.00,525.00
2011-2015,60514,All Cancers Combined,106.00,154.00,260.00
2011-2015,60515,All Cancers Combined,437.00,486.00,923.00
2011-2015,60516,All Cancers Combined,414.00,465.00,879.00
2011-2015,60517,All Cancers Combined,325.00,475.00,800.00
2011-2015,60518,All Cancers Combined,71.00,43.00,114.00
2011-2015,60519,All Cancers Combined,1.00,5.00,6.00
2011-2015,60520,All Cancers Combined,30.00,50.00,80.00
2011-2015,60521,All Cancers Combined,218.00,257.00,475.00
2011-2015,60522,All Cancers Combined,0.00,3.00,3.00
2011-2015,60523,All Cancers Combined,272.00,269.00,541.00
2011-2015,60525,All Cancers Combined,510.00,604.00,1114.00
2011-2015,60526,All Cancers Combined,208.00,259.00,467.00
2011-2015,60527,All Cancers Combined,433.00,527.00,960.00
2011-2015,60530,All Cancers Combined,10.00,5.00,15.00
2011-2015,60531,All Cancers Combined,34.00,28.00,62.00
2011-2015,60532,All Cancers Combined,326.00,425.00,751.00
2011-2015,60534,All Cancers Combined,134.00,151.00,285.00
2011-2015,60536,All Cancers Combined,6.00,1.00,7.00
2011-2015,60537,All Cancers Combined,17.00,9.00,26.00
2011-2015,60538,All Cancers Combined,295.00,316.00,611.00
2011-2015,60539,All Cancers Combined,0.00,1.00,1.00
2011-2015,60540,All Cancers Combined,531.00,608.00,1139.00
2011-2015,60541,All Cancers Combined,49.00,49.00,98.00
2011-2015,60542,All Cancers Combined,183.00,227.00,410.00
2011-2015,60543,All Cancers Combined,395.00,459.00,854.00
2011-2015,60544,All Cancers Combined,374.00,466.00,840.00
2011-2015,60545,All Cancers Combined,137.00,142.00,279.00
2011-2015,60546,All Cancers Combined,264.00,297.00,561.00
2011-2015,60548,All Cancers Combined,184.00,204.00,388.00
2011-2015,60549,All Cancers Combined,16.00,5.00,21.00
2011-2015,60550,All Cancers Combined,26.00,23.00,49.00
2011-2015,60551,All Cancers Combined,83.00,65.00,148.00
2011-2015,60552,All Cancers Combined,66.00,82.00,148.00
2011-2015,60553,All Cancers Combined,13.00,6.00,19.00
2011-2015,60554,All Cancers Combined,157.00,168.00,325.00
2011-2015,60555,All Cancers Combined,157.00,201.00,358.00
2011-2015,60556,All Cancers Combined,29.00,27.00,56.00
2011-2015,60557,All Cancers Combined,1.00,4.00,5.00
2011-2015,60558,All Cancers Combined,204.00,215.00,419.00
2011-2015,60559,All Cancers Combined,272.00,355.00,627.00
2011-2015,60560,All Cancers Combined,259.00,306.00,565.00
2011-2015,60561,All Cancers Combined,412.00,446.00,858.00
2011-2015,60563,All Cancers Combined,374.00,509.00,883.00
2011-2015,60564,All Cancers Combined,399.00,494.00,893.00
2011-2015,60565,All Cancers Combined,455.00,588.00,1043.00
2011-2015,60567,All Cancers Combined,4.00,7.00,11.00
2011-2015,60585,All Cancers Combined,171.00,244.00,415.00
2011-2015,60586,All Cancers Combined,352.00,456.00,808.00
2011-2015,60598,All Cancers Combined,2.00,2.00,4.00
2011-2015,60601,All Cancers Combined,116.00,154.00,270.00
2011-2015,60602,All Cancers Combined,17.00,23.00,40.00
2011-2015,60603,All Cancers Combined,9.00,10.00,19.00
2011-2015,60604,All Cancers Combined,11.00,5.00,16.00
2011-2015,60605,All Cancers Combined,222.00,256.00,478.00
2011-2015,60606,All Cancers Combined,22.00,29.00,51.00
2011-2015,60607,All Cancers Combined,182.00,186.00,368.00
2011-2015,60608,All Cancers Combined,605.00,567.00,1172.00
2011-2015,60609,All Cancers Combined,542.00,572.00,1114.00
2011-2015,60610,All Cancers Combined,459.00,629.00,1088.00
2011-2015,60611,All Cancers Combined,444.00,567.00,1011.00
2011-2015,60612,All Cancers Combined,396.00,375.00,771.00
2011-2015,60613,All Cancers Combined,408.00,485.00,893.00
2011-2015,60614,All Cancers Combined,586.00,691.00,1277.00
2011-2015,60615,All Cancers Combined,463.00,575.00,1038.00
2011-2015,60616,All Cancers Combined,618.00,700.00,1318.00
2011-2015,60617,All Cancers Combined,985.00,1192.00,2177.00
2011-2015,60618,All Cancers Combined,689.00,827.00,1516.00
2011-2015,60619,All Cancers Combined,920.00,1152.00,2072.00
2011-2015,60620,All Cancers Combined,993.00,1262.00,2255.00
2011-2015,60621,All Cancers Combined,445.00,487.00,932.00
2011-2015,60622,All Cancers Combined,344.00,384.00,728.00
2011-2015,60623,All Cancers Combined,643.00,713.00,1356.00
2011-2015,60624,All Cancers Combined,440.00,528.00,968.00
2011-2015,60625,All Cancers Combined,631.00,739.00,1370.00
2011-2015,60626,All Cancers Combined,519.00,504.00,1023.00
2011-2015,60628,All Cancers Combined,1084.00,1124.00,2208.00
2011-2015,60629,All Cancers Combined,868.00,948.00,1816.00
2011-2015,60630,All Cancers Combined,616.00,741.00,1357.00
2011-2015,60631,All Cancers Combined,436.00,528.00,964.00
2011-2015,60632,All Cancers Combined,591.00,646.00,1237.00
2011-2015,60633,All Cancers Combined,195.00,190.00,385.00
2011-2015,60634,All Cancers Combined,894.00,1025.00,1919.00
2011-2015,60636,All Cancers Combined,483.00,600.00,1083.00
2011-2015,60637,All Cancers Combined,567.00,650.00,1217.00
2011-2015,60638,All Cancers Combined,745.00,833.00,1578.00
2011-2015,60639,All Cancers Combined,694.00,735.00,1429.00
2011-2015,60640,All Cancers Combined,756.00,788.00,1544.00
2011-2015,60641,All Cancers Combined,692.00,796.00,1488.00
2011-2015,60642,All Cancers Combined,133.00,123.00,256.00
2011-2015,60643,All Cancers Combined,791.00,882.00,1673.00
2011-2015,60644,All Cancers Combined,671.00,670.00,1341.00
2011-2015,60645,All Cancers Combined,479.00,557.00,1036.00
2011-2015,60646,All Cancers Combined,364.00,494.00,858.00
2011-2015,60647,All Cancers Combined,587.00,650.00,1237.00
2011-2015,60649,All Cancers Combined,588.00,761.00,1349.00
2011-2015,60651,All Cancers Combined,642.00,770.00,1412.00
2011-2015,60652,All Cancers Combined,465.00,514.00,979.00
2011-2015,60653,All Cancers Combined,396.00,506.00,902.00
2011-2015,60654,All Cancers Combined,110.00,147.00,257.00
2011-2015,60655,All Cancers Combined,344.00,430.00,774.00
2011-2015,60656,All Cancers Combined,383.00,401.00,784.00
2011-2015,60666,All Cancers Combined,383.00,401.00,784.00
2011-2015,60657,All Cancers Combined,489.00,615.00,1104.00
2011-2015,60659,All Cancers Combined,396.00,425.00,821.00
2011-2015,60660,All Cancers Combined,489.00,513.00,1002.00
2011-2015,60661,All Cancers Combined,41.00,61.00,102.00
2011-2015,60664,All Cancers Combined,0.00,2.00,2.00
2011-2015,60680,All Cancers Combined,16.00,18.00,34.00
2011-2015,60690,All Cancers Combined,16.00,9.00,25.00
2011-2015,60706,All Cancers Combined,367.00,400.00,767.00
2011-2015,60707,All Cancers Combined,545.00,626.00,1171.00
2011-2015,60712,All Cancers Combined,196.00,265.00,461.00
2011-2015,60714,All Cancers Combined,525.00,634.00,1159.00
2011-2015,60803,All Cancers Combined,275.00,311.00,586.00
2011-2015,60804,All Cancers Combined,524.00,593.00,1117.00
2011-2015,60805,All Cancers Combined,311.00,278.00,589.00
2011-2015,60827,All Cancers Combined,243.00,327.00,570.00
2011-2015,60901,All Cancers Combined,501.00,516.00,1017.00
2011-2015,60910,All Cancers Combined,7.00,6.00,13.00
2011-2015,60911,All Cancers Combined,24.00,25.00,49.00
2011-2015,60912,All Cancers Combined,11.00,8.00,19.00
2011-2015,60913,All Cancers Combined,29.00,21.00,50.00
2011-2015,60914,All Cancers Combined,322.00,349.00,671.00
2011-2015,60915,All Cancers Combined,155.00,155.00,310.00
2011-2015,60917,All Cancers Combined,11.00,6.00,17.00
2011-2015,60918,All Cancers Combined,11.00,12.00,23.00
2011-2015,60919,All Cancers Combined,11.00,5.00,16.00
2011-2015,60920,All Cancers Combined,4.00,7.00,11.00
2011-2015,60921,All Cancers Combined,24.00,26.00,50.00
2011-2015,60922,All Cancers Combined,28.00,33.00,61.00
2011-2015,60924,All Cancers Combined,27.00,30.00,57.00
2011-2015,60926,All Cancers Combined,1.00,2.00,3.00
2011-2015,60927,All Cancers Combined,43.00,30.00,73.00
2011-2015,60928,All Cancers Combined,10.00,17.00,27.00
2011-2015,60929,All Cancers Combined,15.00,7.00,22.00
2011-2015,60930,All Cancers Combined,11.00,14.00,25.00
2011-2015,60931,All Cancers Combined,2.00,9.00,11.00
2011-2015,60932,All Cancers Combined,2.00,1.00,3.00
2011-2015,60933,All Cancers Combined,4.00,10.00,14.00
2011-2015,60934,All Cancers Combined,5.00,3.00,8.00
2011-2015,60935,All Cancers Combined,15.00,14.00,29.00
2011-2015,60936,All Cancers Combined,63.00,95.00,158.00
2011-2015,60938,All Cancers Combined,32.00,41.00,73.00
2011-2015,60939,All Cancers Combined,1.00,0.00,1.00
2011-2015,60940,All Cancers Combined,59.00,43.00,102.00
2011-2015,60941,All Cancers Combined,28.00,30.00,58.00
2011-2015,60942,All Cancers Combined,104.00,125.00,229.00
2011-2015,60944,All Cancers Combined,7.00,3.00,10.00
2011-2015,60945,All Cancers Combined,5.00,4.00,9.00
2011-2015,60946,All Cancers Combined,7.00,11.00,18.00
2011-2015,60948,All Cancers Combined,24.00,21.00,45.00
2011-2015,60949,All Cancers Combined,16.00,9.00,25.00
2011-2015,60950,All Cancers Combined,234.00,188.00,422.00
2011-2015,60951,All Cancers Combined,20.00,8.00,28.00
2011-2015,60952,All Cancers Combined,12.00,8.00,20.00
2011-2015,60953,All Cancers Combined,46.00,39.00,85.00
2011-2015,60954,All Cancers Combined,115.00,109.00,224.00
2011-2015,60955,All Cancers Combined,33.00,28.00,61.00
2011-2015,60956,All Cancers Combined,2.00,3.00,5.00
2011-2015,60957,All Cancers Combined,79.00,90.00,169.00
2011-2015,60958,All Cancers Combined,35.00,30.00,65.00
2011-2015,60959,All Cancers Combined,13.00,20.00,33.00
2011-2015,60960,All Cancers Combined,18.00,17.00,35.00
2011-2015,60961,All Cancers Combined,18.00,20.00,38.00
2011-2015,60962,All Cancers Combined,12.00,19.00,31.00
2011-2015,60963,All Cancers Combined,28.00,25.00,53.00
2011-2015,60964,All Cancers Combined,88.00,110.00,198.00
2011-2015,60966,All Cancers Combined,38.00,31.00,69.00
2011-2015,60967,All Cancers Combined,0.00,1.00,1.00
2011-2015,60968,All Cancers Combined,15.00,5.00,20.00
2011-2015,60970,All Cancers Combined,121.00,147.00,268.00
2011-2015,60973,All Cancers Combined,8.00,7.00,15.00
2011-2015,60974,All Cancers Combined,5.00,1.00,6.00
2011-2015,61001,All Cancers Combined,33.00,26.00,59.00
2011-2015,61006,All Cancers Combined,22.00,39.00,61.00
2011-2015,61007,All Cancers Combined,6.00,7.00,13.00
2011-2015,61008,All Cancers Combined,412.00,444.00,856.00
2011-2015,61010,All Cancers Combined,102.00,125.00,227.00
2011-2015,61011,All Cancers Combined,45.00,36.00,81.00
2011-2015,61012,All Cancers Combined,25.00,23.00,48.00
2011-2015,61013,All Cancers Combined,10.00,13.00,23.00
2011-2015,61014,All Cancers Combined,17.00,20.00,37.00
2011-2015,61015,All Cancers Combined,13.00,14.00,27.00
2011-2015,61016,All Cancers Combined,89.00,90.00,179.00
2011-2015,61018,All Cancers Combined,15.00,22.00,37.00
2011-2015,61019,All Cancers Combined,65.00,85.00,150.00
2011-2015,61020,All Cancers Combined,36.00,33.00,69.00
2011-2015,61021,All Cancers Combined,394.00,365.00,759.00
2011-2015,61024,All Cancers Combined,37.00,29.00,66.00
2011-2015,61025,All Cancers Combined,89.00,63.00,152.00
2011-2015,61027,All Cancers Combined,1.00,2.00,3.00
2011-2015,61028,All Cancers Combined,39.00,46.00,85.00
2011-2015,61030,All Cancers Combined,34.00,23.00,57.00
2011-2015,61031,All Cancers Combined,37.00,25.00,62.00
2011-2015,61032,All Cancers Combined,465.00,507.00,972.00
2011-2015,61036,All Cancers Combined,149.00,124.00,273.00
2011-2015,61037,All Cancers Combined,3.00,3.00,6.00
2011-2015,61038,All Cancers Combined,14.00,18.00,32.00
2011-2015,61039,All Cancers Combined,10.00,12.00,22.00
2011-2015,61041,All Cancers Combined,24.00,13.00,37.00
2011-2015,61042,All Cancers Combined,14.00,9.00,23.00
2011-2015,61043,All Cancers Combined,2.00,2.00,4.00
2011-2015,61044,All Cancers Combined,6.00,5.00,11.00
2011-2015,61046,All Cancers Combined,50.00,60.00,110.00
2011-2015,61047,All Cancers Combined,23.00,25.00,48.00
2011-2015,61048,All Cancers Combined,65.00,62.00,127.00
2011-2015,61049,All Cancers Combined,8.00,7.00,15.00
2011-2015,61050,All Cancers Combined,4.00,4.00,8.00
2011-2015,61051,All Cancers Combined,25.00,29.00,54.00
2011-2015,61052,All Cancers Combined,9.00,15.00,24.00
2011-2015,61053,All Cancers Combined,62.00,43.00,105.00
2011-2015,61054,All Cancers Combined,70.00,72.00,142.00
2011-2015,61059,All Cancers Combined,3.00,5.00,8.00
2011-2015,61060,All Cancers Combined,15.00,20.00,35.00
2011-2015,61061,All Cancers Combined,111.00,149.00,260.00
2011-2015,61062,All Cancers Combined,20.00,14.00,34.00
2011-2015,61063,All Cancers Combined,55.00,77.00,132.00
2011-2015,61064,All Cancers Combined,57.00,72.00,129.00
2011-2015,61065,All Cancers Combined,126.00,130.00,256.00
2011-2015,61067,All Cancers Combined,17.00,15.00,32.00
2011-2015,61068,All Cancers Combined,180.00,194.00,374.00
2011-2015,61070,All Cancers Combined,17.00,17.00,34.00
2011-2015,61071,All Cancers Combined,258.00,256.00,514.00
2011-2015,61072,All Cancers Combined,155.00,160.00,315.00
2011-2015,61073,All Cancers Combined,276.00,284.00,560.00
2011-2015,61074,All Cancers Combined,71.00,81.00,152.00
2011-2015,61075,All Cancers Combined,13.00,13.00,26.00
2011-2015,61077,All Cancers Combined,1.00,3.00,4.00
2011-2015,61078,All Cancers Combined,23.00,33.00,56.00
2011-2015,61079,All Cancers Combined,2.00,6.00,8.00
2011-2015,61080,All Cancers Combined,135.00,137.00,272.00
2011-2015,61081,All Cancers Combined,332.00,324.00,656.00
2011-2015,61084,All Cancers Combined,34.00,49.00,83.00
2011-2015,61085,All Cancers Combined,67.00,52.00,119.00
2011-2015,61087,All Cancers Combined,31.00,26.00,57.00
2011-2015,61088,All Cancers Combined,81.00,91.00,172.00
2011-2015,61089,All Cancers Combined,5.00,16.00,21.00
2011-2015,61091,All Cancers Combined,1.00,1.00,2.00
2011-2015,61101,All Cancers Combined,281.00,337.00,618.00
2011-2015,61102,All Cancers Combined,242.00,240.00,482.00
2011-2015,61103,All Cancers Combined,335.00,391.00,726.00
2011-2015,61104,All Cancers Combined,186.00,206.00,392.00
2011-2015,61105,All Cancers Combined,4.00,4.00,8.00
2011-2015,61106,All Cancers Combined,0.00,2.00,2.00
2011-2015,61107,All Cancers Combined,451.00,521.00,972.00
2011-2015,61108,All Cancers Combined,424.00,507.00,931.00
2011-2015,61109,All Cancers Combined,371.00,400.00,771.00
2011-2015,61110,All Cancers Combined,3.00,3.00,6.00
2011-2015,61111,All Cancers Combined,306.00,383.00,689.00
2011-2015,61112,All Cancers Combined,1.00,1.00,2.00
2011-2015,61114,All Cancers Combined,271.00,301.00,572.00
2011-2015,61115,All Cancers Combined,310.00,351.00,661.00
2011-2015,61125,All Cancers Combined,7.00,1.00,8.00
2011-2015,61126,All Cancers Combined,5.00,8.00,13.00
2011-2015,61130,All Cancers Combined,1.00,0.00,1.00
2011-2015,61131,All Cancers Combined,1.00,0.00,1.00
2011-2015,61132,All Cancers Combined,2.00,6.00,8.00
2011-2015,61201,All Cancers Combined,498.00,531.00,1029.00
2011-2015,61204,All Cancers Combined,4.00,1.00,5.00
2011-2015,61230,All Cancers Combined,21.00,15.00,36.00
2011-2015,61231,All Cancers Combined,96.00,107.00,203.00
2011-2015,61232,All Cancers Combined,21.00,16.00,37.00
2011-2015,61233,All Cancers Combined,8.00,8.00,16.00
2011-2015,61234,All Cancers Combined,16.00,22.00,38.00
2011-2015,61235,All Cancers Combined,21.00,21.00,42.00
2011-2015,61236,All Cancers Combined,1.00,3.00,4.00
2011-2015,61237,All Cancers Combined,1.00,0.00,1.00
2011-2015,61238,All Cancers Combined,58.00,50.00,108.00
2011-2015,61239,All Cancers Combined,10.00,16.00,26.00
2011-2015,61240,All Cancers Combined,103.00,97.00,200.00
2011-2015,61241,All Cancers Combined,117.00,100.00,217.00
2011-2015,61242,All Cancers Combined,28.00,19.00,47.00
2011-2015,61243,All Cancers Combined,5.00,3.00,8.00
2011-2015,61244,All Cancers Combined,348.00,388.00,736.00
2011-2015,61250,All Cancers Combined,53.00,40.00,93.00
2011-2015,61251,All Cancers Combined,5.00,5.00,10.00
2011-2015,61252,All Cancers Combined,117.00,104.00,221.00
2011-2015,61254,All Cancers Combined,226.00,190.00,416.00
2011-2015,61256,All Cancers Combined,36.00,35.00,71.00
2011-2015,61257,All Cancers Combined,20.00,20.00,40.00
2011-2015,61258,All Cancers Combined,2.00,2.00,4.00
2011-2015,61259,All Cancers Combined,26.00,20.00,46.00
2011-2015,61260,All Cancers Combined,5.00,9.00,14.00
2011-2015,61261,All Cancers Combined,22.00,10.00,32.00
2011-2015,61262,All Cancers Combined,11.00,11.00,22.00
2011-2015,61263,All Cancers Combined,5.00,6.00,11.00
2011-2015,61264,All Cancers Combined,222.00,192.00,414.00
2011-2015,61265,All Cancers Combined,610.00,673.00,1283.00
2011-2015,61266,All Cancers Combined,3.00,1.00,4.00
2011-2015,61270,All Cancers Combined,112.00,115.00,227.00
2011-2015,61272,All Cancers Combined,32.00,28.00,60.00
2011-2015,61273,All Cancers Combined,40.00,55.00,95.00
2011-2015,61274,All Cancers Combined,7.00,5.00,12.00
2011-2015,61275,All Cancers Combined,73.00,65.00,138.00
2011-2015,61276,All Cancers Combined,3.00,6.00,9.00
2011-2015,61277,All Cancers Combined,54.00,76.00,130.00
2011-2015,61278,All Cancers Combined,16.00,9.00,25.00
2011-2015,61279,All Cancers Combined,24.00,22.00,46.00
2011-2015,61281,All Cancers Combined,39.00,42.00,81.00
2011-2015,61282,All Cancers Combined,125.00,134.00,259.00
2011-2015,61283,All Cancers Combined,22.00,28.00,50.00
2011-2015,61284,All Cancers Combined,45.00,33.00,78.00
2011-2015,61285,All Cancers Combined,40.00,29.00,69.00
2011-2015,61301,All Cancers Combined,180.00,177.00,357.00
2011-2015,61310,All Cancers Combined,69.00,74.00,143.00
2011-2015,61311,All Cancers Combined,5.00,1.00,6.00
2011-2015,61312,All Cancers Combined,10.00,12.00,22.00
2011-2015,61313,All Cancers Combined,2.00,6.00,8.00
2011-2015,61314,All Cancers Combined,6.00,7.00,13.00
2011-2015,61315,All Cancers Combined,4.00,5.00,9.00
2011-2015,61316,All Cancers Combined,4.00,4.00,8.00
2011-2015,61317,All Cancers Combined,4.00,14.00,18.00
2011-2015,61318,All Cancers Combined,8.00,7.00,15.00
2011-2015,61319,All Cancers Combined,20.00,17.00,37.00
2011-2015,61320,All Cancers Combined,16.00,14.00,30.00
2011-2015,61321,All Cancers Combined,6.00,6.00,12.00
2011-2015,61322,All Cancers Combined,11.00,16.00,27.00
2011-2015,61323,All Cancers Combined,1.00,3.00,4.00
2011-2015,61324,All Cancers Combined,2.00,1.00,3.00
2011-2015,61325,All Cancers Combined,19.00,10.00,29.00
2011-2015,61326,All Cancers Combined,42.00,35.00,77.00
2011-2015,61327,All Cancers Combined,28.00,15.00,43.00
2011-2015,61328,All Cancers Combined,2.00,3.00,5.00
2011-2015,61329,All Cancers Combined,32.00,23.00,55.00
2011-2015,61330,All Cancers Combined,14.00,15.00,29.00
2011-2015,61331,All Cancers Combined,2.00,0.00,2.00
2011-2015,61332,All Cancers Combined,3.00,0.00,3.00
2011-2015,61333,All Cancers Combined,4.00,5.00,9.00
2011-2015,61334,All Cancers Combined,12.00,10.00,22.00
2011-2015,61335,All Cancers Combined,10.00,6.00,16.00
2011-2015,61336,All Cancers Combined,13.00,8.00,21.00
2011-2015,61337,All Cancers Combined,8.00,5.00,13.00
2011-2015,61338,All Cancers Combined,5.00,7.00,12.00
2011-2015,61340,All Cancers Combined,5.00,7.00,12.00
2011-2015,61341,All Cancers Combined,150.00,130.00,280.00
2011-2015,61342,All Cancers Combined,129.00,137.00,266.00
2011-2015,61344,All Cancers Combined,3.00,11.00,14.00
2011-2015,61345,All Cancers Combined,10.00,13.00,23.00
2011-2015,61346,All Cancers Combined,1.00,1.00,2.00
2011-2015,61348,All Cancers Combined,77.00,85.00,162.00
2011-2015,61349,All Cancers Combined,23.00,13.00,36.00
2011-2015,61350,All Cancers Combined,453.00,386.00,839.00
2011-2015,61353,All Cancers Combined,27.00,22.00,49.00
2011-2015,61354,All Cancers Combined,210.00,193.00,403.00
2011-2015,61356,All Cancers Combined,215.00,201.00,416.00
2011-2015,61358,All Cancers Combined,7.00,7.00,14.00
2011-2015,61359,All Cancers Combined,6.00,8.00,14.00
2011-2015,61360,All Cancers Combined,56.00,49.00,105.00
2011-2015,61361,All Cancers Combined,16.00,12.00,28.00
2011-2015,61362,All Cancers Combined,124.00,103.00,227.00
2011-2015,61363,All Cancers Combined,5.00,5.00,10.00
2011-2015,61364,All Cancers Combined,405.00,342.00,747.00
2011-2015,61367,All Cancers Combined,16.00,22.00,38.00
2011-2015,61368,All Cancers Combined,28.00,24.00,52.00
2011-2015,61369,All Cancers Combined,28.00,40.00,68.00
2011-2015,61370,All Cancers Combined,25.00,19.00,44.00
2011-2015,61371,All Cancers Combined,5.00,2.00,7.00
2011-2015,61372,All Cancers Combined,3.00,3.00,6.00
2011-2015,61373,All Cancers Combined,48.00,28.00,76.00
2011-2015,61374,All Cancers Combined,2.00,2.00,4.00
2011-2015,61375,All Cancers Combined,26.00,24.00,50.00
2011-2015,61376,All Cancers Combined,29.00,41.00,70.00
2011-2015,61377,All Cancers Combined,24.00,27.00,51.00
2011-2015,61378,All Cancers Combined,9.00,10.00,19.00
2011-2015,61379,All Cancers Combined,26.00,16.00,42.00
2011-2015,61401,All Cancers Combined,538.00,540.00,1078.00
2011-2015,61402,All Cancers Combined,5.00,7.00,12.00
2011-2015,61410,All Cancers Combined,66.00,65.00,131.00
2011-2015,61411,All Cancers Combined,11.00,8.00,19.00
2011-2015,61412,All Cancers Combined,25.00,27.00,52.00
2011-2015,61413,All Cancers Combined,13.00,8.00,21.00
2011-2015,61414,All Cancers Combined,17.00,14.00,31.00
2011-2015,61415,All Cancers Combined,30.00,24.00,54.00
2011-2015,61416,All Cancers Combined,3.00,5.00,8.00
2011-2015,61417,All Cancers Combined,4.00,4.00,8.00
2011-2015,61418,All Cancers Combined,14.00,8.00,22.00
2011-2015,61419,All Cancers Combined,0.00,2.00,2.00
2011-2015,61420,All Cancers Combined,19.00,22.00,41.00
2011-2015,61421,All Cancers Combined,28.00,15.00,43.00
2011-2015,61422,All Cancers Combined,55.00,59.00,114.00
2011-2015,61423,All Cancers Combined,7.00,11.00,18.00
2011-2015,61424,All Cancers Combined,3.00,0.00,3.00
2011-2015,61425,All Cancers Combined,9.00,5.00,14.00
2011-2015,61427,All Cancers Combined,43.00,34.00,77.00
2011-2015,61428,All Cancers Combined,28.00,16.00,44.00
2011-2015,61430,All Cancers Combined,15.00,16.00,31.00
2011-2015,61431,All Cancers Combined,5.00,7.00,12.00
2011-2015,61432,All Cancers Combined,13.00,14.00,27.00
2011-2015,61433,All Cancers Combined,1.00,0.00,1.00
2011-2015,61434,All Cancers Combined,58.00,55.00,113.00
2011-2015,61435,All Cancers Combined,5.00,2.00,7.00
2011-2015,61436,All Cancers Combined,12.00,17.00,29.00
2011-2015,61437,All Cancers Combined,12.00,14.00,26.00
2011-2015,61438,All Cancers Combined,19.00,22.00,41.00
2011-2015,61439,All Cancers Combined,4.00,5.00,9.00
2011-2015,61440,All Cancers Combined,11.00,10.00,21.00
2011-2015,61441,All Cancers Combined,15.00,11.00,26.00
2011-2015,61442,All Cancers Combined,12.00,16.00,28.00
2011-2015,61443,All Cancers Combined,216.00,250.00,466.00
2011-2015,61447,All Cancers Combined,14.00,14.00,28.00
2011-2015,61448,All Cancers Combined,75.00,71.00,146.00
2011-2015,61449,All Cancers Combined,13.00,12.00,25.00
2011-2015,61450,All Cancers Combined,38.00,21.00,59.00
2011-2015,61451,All Cancers Combined,4.00,7.00,11.00
2011-2015,61452,All Cancers Combined,7.00,5.00,12.00
2011-2015,61453,All Cancers Combined,15.00,9.00,24.00
2011-2015,61454,All Cancers Combined,9.00,18.00,27.00
2011-2015,61455,All Cancers Combined,235.00,268.00,503.00
2011-2015,61458,All Cancers Combined,21.00,16.00,37.00
2011-2015,61459,All Cancers Combined,11.00,11.00,22.00
2011-2015,61460,All Cancers Combined,10.00,4.00,14.00
2011-2015,61462,All Cancers Combined,162.00,171.00,333.00
2011-2015,61465,All Cancers Combined,16.00,18.00,34.00
2011-2015,61466,All Cancers Combined,6.00,7.00,13.00
2011-2015,61467,All Cancers Combined,15.00,19.00,34.00
2011-2015,61468,All Cancers Combined,1.00,4.00,5.00
2011-2015,61469,All Cancers Combined,37.00,50.00,87.00
2011-2015,61470,All Cancers Combined,9.00,12.00,21.00
2011-2015,61471,All Cancers Combined,2.00,3.00,5.00
2011-2015,61472,All Cancers Combined,12.00,9.00,21.00
2011-2015,61473,All Cancers Combined,30.00,22.00,52.00
2011-2015,61474,All Cancers Combined,4.00,6.00,10.00
2011-2015,61475,All Cancers Combined,6.00,5.00,11.00
2011-2015,61476,All Cancers Combined,6.00,10.00,16.00
2011-2015,61477,All Cancers Combined,13.00,13.00,26.00
2011-2015,61478,All Cancers Combined,3.00,6.00,9.00
2011-2015,61479,All Cancers Combined,5.00,2.00,7.00
2011-2015,61480,All Cancers Combined,11.00,29.00,40.00
2011-2015,61482,All Cancers Combined,10.00,6.00,16.00
2011-2015,61483,All Cancers Combined,45.00,41.00,86.00
2011-2015,61484,All Cancers Combined,16.00,16.00,32.00
2011-2015,61485,All Cancers Combined,13.00,10.00,23.00
2011-2015,61486,All Cancers Combined,23.00,25.00,48.00
2011-2015,61488,All Cancers Combined,22.00,21.00,43.00
2011-2015,61489,All Cancers Combined,15.00,16.00,31.00
2011-2015,61490,All Cancers Combined,16.00,21.00,37.00
2011-2015,61491,All Cancers Combined,33.00,25.00,58.00
2011-2015,61501,All Cancers Combined,28.00,21.00,49.00
2011-2015,61516,All Cancers Combined,10.00,4.00,14.00
2011-2015,61517,All Cancers Combined,62.00,53.00,115.00
2011-2015,61519,All Cancers Combined,4.00,1.00,5.00
2011-2015,61520,All Cancers Combined,277.00,263.00,540.00
2011-2015,61523,All Cancers Combined,196.00,195.00,391.00
2011-2015,61524,All Cancers Combined,8.00,3.00,11.00
2011-2015,61525,All Cancers Combined,123.00,109.00,232.00
2011-2015,61526,All Cancers Combined,12.00,12.00,24.00
2011-2015,61528,All Cancers Combined,38.00,37.00,75.00
2011-2015,61529,All Cancers Combined,48.00,46.00,94.00
2011-2015,61530,All Cancers Combined,85.00,88.00,173.00
2011-2015,61531,All Cancers Combined,56.00,72.00,128.00
2011-2015,61532,All Cancers Combined,10.00,11.00,21.00
2011-2015,61533,All Cancers Combined,48.00,37.00,85.00
2011-2015,61534,All Cancers Combined,24.00,23.00,47.00
2011-2015,61535,All Cancers Combined,39.00,19.00,58.00
2011-2015,61536,All Cancers Combined,61.00,47.00,108.00
2011-2015,61537,All Cancers Combined,66.00,45.00,111.00
2011-2015,61539,All Cancers Combined,3.00,5.00,8.00
2011-2015,61540,All Cancers Combined,66.00,48.00,114.00
2011-2015,61541,All Cancers Combined,0.00,1.00,1.00
2011-2015,61542,All Cancers Combined,63.00,63.00,126.00
2011-2015,61543,All Cancers Combined,6.00,1.00,7.00
2011-2015,61544,All Cancers Combined,19.00,12.00,31.00
2011-2015,61545,All Cancers Combined,12.00,7.00,19.00
2011-2015,61546,All Cancers Combined,66.00,56.00,122.00
2011-2015,61547,All Cancers Combined,56.00,55.00,111.00
2011-2015,61548,All Cancers Combined,183.00,176.00,359.00
2011-2015,61550,All Cancers Combined,295.00,320.00,615.00
2011-2015,61552,All Cancers Combined,6.00,9.00,15.00
2011-2015,61553,All Cancers Combined,2.00,5.00,7.00
2011-2015,61554,All Cancers Combined,712.00,737.00,1449.00
2011-2015,61555,All Cancers Combined,5.00,2.00,7.00
2011-2015,61559,All Cancers Combined,52.00,45.00,97.00
2011-2015,61560,All Cancers Combined,27.00,20.00,47.00
2011-2015,61561,All Cancers Combined,48.00,42.00,90.00
2011-2015,61562,All Cancers Combined,3.00,5.00,8.00
2011-2015,61563,All Cancers Combined,19.00,13.00,32.00
2011-2015,61564,All Cancers Combined,13.00,12.00,25.00
2011-2015,61565,All Cancers Combined,38.00,22.00,60.00
2011-2015,61567,All Cancers Combined,22.00,13.00,35.00
2011-2015,61568,All Cancers Combined,56.00,69.00,125.00
2011-2015,61569,All Cancers Combined,33.00,21.00,54.00
2011-2015,61570,All Cancers Combined,20.00,32.00,52.00
2011-2015,61571,All Cancers Combined,373.00,378.00,751.00
2011-2015,61572,All Cancers Combined,27.00,16.00,43.00
2011-2015,61601,All Cancers Combined,7.00,1.00,8.00
2011-2015,61602,All Cancers Combined,25.00,13.00,38.00
2011-2015,61603,All Cancers Combined,221.00,180.00,401.00
2011-2015,61604,All Cancers Combined,469.00,483.00,952.00
2011-2015,61605,All Cancers Combined,242.00,242.00,484.00
2011-2015,61606,All Cancers Combined,36.00,52.00,88.00
2011-2015,61607,All Cancers Combined,206.00,194.00,400.00
2011-2015,61610,All Cancers Combined,89.00,95.00,184.00
2011-2015,61611,All Cancers Combined,431.00,463.00,894.00
2011-2015,61612,All Cancers Combined,12.00,3.00,15.00
2011-2015,61614,All Cancers Combined,436.00,471.00,907.00
2011-2015,61615,All Cancers Combined,324.00,359.00,683.00
2011-2015,61616,All Cancers Combined,98.00,125.00,223.00
2011-2015,61650,All Cancers Combined,0.00,1.00,1.00
2011-2015,61652,All Cancers Combined,1.00,0.00,1.00
2011-2015,61653,All Cancers Combined,1.00,0.00,1.00
2011-2015,61654,All Cancers Combined,0.00,1.00,1.00
2011-2015,61656,All Cancers Combined,0.00,1.00,1.00
2011-2015,61701,All Cancers Combined,432.00,517.00,949.00
2011-2015,61702,All Cancers Combined,7.00,6.00,13.00
2011-2015,61704,All Cancers Combined,421.00,444.00,865.00
2011-2015,61705,All Cancers Combined,154.00,151.00,305.00
2011-2015,61720,All Cancers Combined,5.00,7.00,12.00
2011-2015,61721,All Cancers Combined,18.00,8.00,26.00
2011-2015,61722,All Cancers Combined,6.00,5.00,11.00
2011-2015,61723,All Cancers Combined,36.00,47.00,83.00
2011-2015,61724,All Cancers Combined,7.00,12.00,19.00
2011-2015,61725,All Cancers Combined,28.00,11.00,39.00
2011-2015,61726,All Cancers Combined,36.00,43.00,79.00
2011-2015,61727,All Cancers Combined,167.00,207.00,374.00
2011-2015,61728,All Cancers Combined,26.00,30.00,56.00
2011-2015,61729,All Cancers Combined,10.00,8.00,18.00
2011-2015,61730,All Cancers Combined,3.00,7.00,10.00
2011-2015,61731,All Cancers Combined,9.00,1.00,10.00
2011-2015,61732,All Cancers Combined,45.00,27.00,72.00
2011-2015,61733,All Cancers Combined,21.00,9.00,30.00
2011-2015,61734,All Cancers Combined,44.00,46.00,90.00
2011-2015,61735,All Cancers Combined,9.00,9.00,18.00
2011-2015,61736,All Cancers Combined,20.00,17.00,37.00
2011-2015,61737,All Cancers Combined,5.00,4.00,9.00
2011-2015,61738,All Cancers Combined,63.00,55.00,118.00
2011-2015,61739,All Cancers Combined,86.00,87.00,173.00
2011-2015,61740,All Cancers Combined,27.00,40.00,67.00
2011-2015,61741,All Cancers Combined,20.00,20.00,40.00
2011-2015,61742,All Cancers Combined,13.00,14.00,27.00
2011-2015,61743,All Cancers Combined,3.00,1.00,4.00
2011-2015,61744,All Cancers Combined,29.00,26.00,55.00
2011-2015,61745,All Cancers Combined,55.00,64.00,119.00
2011-2015,61747,All Cancers Combined,22.00,27.00,49.00
2011-2015,61748,All Cancers Combined,50.00,49.00,99.00
2011-2015,61749,All Cancers Combined,13.00,11.00,24.00
2011-2015,61750,All Cancers Combined,2.00,0.00,2.00
2011-2015,61751,All Cancers Combined,3.00,1.00,4.00
2011-2015,61752,All Cancers Combined,61.00,63.00,124.00
2011-2015,61753,All Cancers Combined,57.00,42.00,99.00
2011-2015,61754,All Cancers Combined,20.00,23.00,43.00
2011-2015,61755,All Cancers Combined,56.00,58.00,114.00
2011-2015,61756,All Cancers Combined,41.00,40.00,81.00
2011-2015,61759,All Cancers Combined,28.00,26.00,54.00
2011-2015,61760,All Cancers Combined,56.00,36.00,92.00
2011-2015,61761,All Cancers Combined,410.00,474.00,884.00
2011-2015,61764,All Cancers Combined,246.00,253.00,499.00
2011-2015,61769,All Cancers Combined,7.00,12.00,19.00
2011-2015,61770,All Cancers Combined,20.00,17.00,37.00
2011-2015,61771,All Cancers Combined,21.00,11.00,32.00
2011-2015,61772,All Cancers Combined,3.00,8.00,11.00
2011-2015,61773,All Cancers Combined,12.00,5.00,17.00
2011-2015,61774,All Cancers Combined,15.00,15.00,30.00
2011-2015,61775,All Cancers Combined,1.00,6.00,7.00
2011-2015,61776,All Cancers Combined,25.00,26.00,51.00
2011-2015,61777,All Cancers Combined,23.00,26.00,49.00
2011-2015,61778,All Cancers Combined,13.00,14.00,27.00
2011-2015,61801,All Cancers Combined,171.00,211.00,382.00
2011-2015,61802,All Cancers Combined,247.00,265.00,512.00
2011-2015,61803,All Cancers Combined,3.00,13.00,16.00
2011-2015,61810,All Cancers Combined,3.00,5.00,8.00
2011-2015,61811,All Cancers Combined,8.00,7.00,15.00
2011-2015,61812,All Cancers Combined,2.00,6.00,8.00
2011-2015,61813,All Cancers Combined,35.00,33.00,68.00
2011-2015,61814,All Cancers Combined,19.00,19.00,38.00
2011-2015,61815,All Cancers Combined,6.00,8.00,14.00
2011-2015,61816,All Cancers Combined,7.00,10.00,17.00
2011-2015,61817,All Cancers Combined,55.00,51.00,106.00
2011-2015,61818,All Cancers Combined,31.00,27.00,58.00
2011-2015,61820,All Cancers Combined,188.00,182.00,370.00
2011-2015,61821,All Cancers Combined,336.00,379.00,715.00
2011-2015,61822,All Cancers Combined,261.00,266.00,527.00
2011-2015,61824,All Cancers Combined,7.00,3.00,10.00
2011-2015,61825,All Cancers Combined,3.00,3.00,6.00
2011-2015,61826,All Cancers Combined,6.00,10.00,16.00
2011-2015,61830,All Cancers Combined,11.00,7.00,18.00
2011-2015,61831,All Cancers Combined,1.00,0.00,1.00
2011-2015,61832,All Cancers Combined,601.00,610.00,1211.00
2011-2015,61833,All Cancers Combined,50.00,58.00,108.00
2011-2015,61834,All Cancers Combined,171.00,109.00,280.00
2011-2015,61839,All Cancers Combined,14.00,11.00,25.00
2011-2015,61840,All Cancers Combined,11.00,12.00,23.00
2011-2015,61841,All Cancers Combined,19.00,24.00,43.00
2011-2015,61842,All Cancers Combined,54.00,52.00,106.00
2011-2015,61843,All Cancers Combined,36.00,33.00,69.00
2011-2015,61844,All Cancers Combined,15.00,11.00,26.00
2011-2015,61845,All Cancers Combined,5.00,6.00,11.00
2011-2015,61846,All Cancers Combined,71.00,94.00,165.00
2011-2015,61847,All Cancers Combined,30.00,18.00,48.00
2011-2015,61848,All Cancers Combined,1.00,2.00,3.00
2011-2015,61849,All Cancers Combined,27.00,31.00,58.00
2011-2015,61850,All Cancers Combined,11.00,9.00,20.00
2011-2015,61851,All Cancers Combined,7.00,12.00,19.00
2011-2015,61852,All Cancers Combined,12.00,5.00,17.00
2011-2015,61853,All Cancers Combined,144.00,176.00,320.00
2011-2015,61854,All Cancers Combined,36.00,24.00,60.00
2011-2015,61855,All Cancers Combined,3.00,4.00,7.00
2011-2015,61856,All Cancers Combined,115.00,134.00,249.00
2011-2015,61857,All Cancers Combined,4.00,2.00,6.00
2011-2015,61858,All Cancers Combined,64.00,76.00,140.00
2011-2015,61859,All Cancers Combined,24.00,10.00,34.00
2011-2015,61862,All Cancers Combined,8.00,3.00,11.00
2011-2015,61863,All Cancers Combined,20.00,14.00,34.00
2011-2015,61864,All Cancers Combined,26.00,26.00,52.00
2011-2015,61865,All Cancers Combined,24.00,23.00,47.00
2011-2015,61866,All Cancers Combined,145.00,197.00,342.00
2011-2015,61870,All Cancers Combined,19.00,18.00,37.00
2011-2015,61871,All Cancers Combined,3.00,6.00,9.00
2011-2015,61872,All Cancers Combined,11.00,9.00,20.00
2011-2015,61873,All Cancers Combined,63.00,93.00,156.00
2011-2015,61874,All Cancers Combined,79.00,100.00,179.00
2011-2015,61875,All Cancers Combined,10.00,6.00,16.00
2011-2015,61876,All Cancers Combined,11.00,17.00,28.00
2011-2015,61877,All Cancers Combined,27.00,22.00,49.00
2011-2015,61878,All Cancers Combined,18.00,23.00,41.00
2011-2015,61880,All Cancers Combined,49.00,43.00,92.00
2011-2015,61882,All Cancers Combined,9.00,11.00,20.00
2011-2015,61883,All Cancers Combined,93.00,71.00,164.00
2011-2015,61884,All Cancers Combined,11.00,24.00,35.00
2011-2015,61910,All Cancers Combined,54.00,45.00,99.00
2011-2015,61911,All Cancers Combined,53.00,56.00,109.00
2011-2015,61912,All Cancers Combined,24.00,16.00,40.00
2011-2015,61913,All Cancers Combined,35.00,31.00,66.00
2011-2015,61914,All Cancers Combined,33.00,34.00,67.00
2011-2015,61917,All Cancers Combined,14.00,11.00,25.00
2011-2015,61919,All Cancers Combined,16.00,11.00,27.00
2011-2015,61920,All Cancers Combined,252.00,233.00,485.00
2011-2015,61924,All Cancers Combined,31.00,40.00,71.00
2011-2015,61925,All Cancers Combined,18.00,10.00,28.00
2011-2015,61928,All Cancers Combined,8.00,5.00,13.00
2011-2015,61929,All Cancers Combined,21.00,11.00,32.00
2011-2015,61930,All Cancers Combined,13.00,4.00,17.00
2011-2015,61931,All Cancers Combined,11.00,12.00,23.00
2011-2015,61932,All Cancers Combined,9.00,7.00,16.00
2011-2015,61933,All Cancers Combined,28.00,17.00,45.00
2011-2015,61936,All Cancers Combined,4.00,4.00,8.00
2011-2015,61937,All Cancers Combined,28.00,31.00,59.00
2011-2015,61938,All Cancers Combined,368.00,374.00,742.00
2011-2015,61940,All Cancers Combined,3.00,7.00,10.00
2011-2015,61941,All Cancers Combined,1.00,2.00,3.00
2011-2015,61942,All Cancers Combined,23.00,16.00,39.00
2011-2015,61943,All Cancers Combined,22.00,29.00,51.00
2011-2015,61944,All Cancers Combined,189.00,234.00,423.00
2011-2015,61949,All Cancers Combined,3.00,5.00,8.00
2011-2015,61951,All Cancers Combined,126.00,151.00,277.00
2011-2015,61953,All Cancers Combined,91.00,107.00,198.00
2011-2015,61955,All Cancers Combined,3.00,0.00,3.00
2011-2015,61956,All Cancers Combined,45.00,56.00,101.00
2011-2015,61957,All Cancers Combined,27.00,35.00,62.00
2011-2015,62001,All Cancers Combined,28.00,38.00,66.00
2011-2015,62002,All Cancers Combined,510.00,546.00,1056.00
2011-2015,62006,All Cancers Combined,10.00,12.00,22.00
2011-2015,62009,All Cancers Combined,34.00,32.00,66.00
2011-2015,62010,All Cancers Combined,164.00,185.00,349.00
2011-2015,62011,All Cancers Combined,2.00,4.00,6.00
2011-2015,62012,All Cancers Combined,92.00,90.00,182.00
2011-2015,62013,All Cancers Combined,10.00,11.00,21.00
2011-2015,62014,All Cancers Combined,68.00,52.00,120.00
2011-2015,62015,All Cancers Combined,8.00,4.00,12.00
2011-2015,62016,All Cancers Combined,58.00,67.00,125.00
2011-2015,62017,All Cancers Combined,19.00,26.00,45.00
2011-2015,62018,All Cancers Combined,52.00,68.00,120.00
2011-2015,62019,All Cancers Combined,9.00,7.00,16.00
2011-2015,62021,All Cancers Combined,18.00,8.00,26.00
2011-2015,62022,All Cancers Combined,21.00,22.00,43.00
2011-2015,62023,All Cancers Combined,1.00,1.00,2.00
2011-2015,62024,All Cancers Combined,167.00,187.00,354.00
2011-2015,62025,All Cancers Combined,355.00,405.00,760.00
2011-2015,62026,All Cancers Combined,0.00,1.00,1.00
2011-2015,62027,All Cancers Combined,9.00,8.00,17.00
2011-2015,62028,All Cancers Combined,13.00,15.00,28.00
2011-2015,62030,All Cancers Combined,2.00,0.00,2.00
2011-2015,62031,All Cancers Combined,21.00,10.00,31.00
2011-2015,62032,All Cancers Combined,18.00,13.00,31.00
2011-2015,62033,All Cancers Combined,85.00,88.00,173.00
2011-2015,62034,All Cancers Combined,167.00,210.00,377.00
2011-2015,62035,All Cancers Combined,287.00,305.00,592.00
2011-2015,62036,All Cancers Combined,14.00,13.00,27.00
2011-2015,62037,All Cancers Combined,33.00,25.00,58.00
2011-2015,62040,All Cancers Combined,659.00,696.00,1355.00
2011-2015,62044,All Cancers Combined,28.00,22.00,50.00
2011-2015,62045,All Cancers Combined,14.00,5.00,19.00
2011-2015,62046,All Cancers Combined,8.00,13.00,21.00
2011-2015,62047,All Cancers Combined,30.00,24.00,54.00
2011-2015,62048,All Cancers Combined,22.00,34.00,56.00
2011-2015,62049,All Cancers Combined,138.00,92.00,230.00
2011-2015,62050,All Cancers Combined,9.00,9.00,18.00
2011-2015,62051,All Cancers Combined,12.00,19.00,31.00
2011-2015,62052,All Cancers Combined,202.00,224.00,426.00
2011-2015,62053,All Cancers Combined,17.00,6.00,23.00
2011-2015,62054,All Cancers Combined,26.00,13.00,39.00
2011-2015,62056,All Cancers Combined,151.00,176.00,327.00
2011-2015,62058,All Cancers Combined,8.00,15.00,23.00
2011-2015,62059,All Cancers Combined,3.00,13.00,16.00
2011-2015,62060,All Cancers Combined,60.00,87.00,147.00
2011-2015,62061,All Cancers Combined,26.00,17.00,43.00
2011-2015,62062,All Cancers Combined,120.00,132.00,252.00
2011-2015,62063,All Cancers Combined,29.00,19.00,48.00
2011-2015,62065,All Cancers Combined,3.00,1.00,4.00
2011-2015,62067,All Cancers Combined,33.00,32.00,65.00
2011-2015,62069,All Cancers Combined,48.00,47.00,95.00
2011-2015,62070,All Cancers Combined,0.00,1.00,1.00
2011-2015,62074,All Cancers Combined,24.00,23.00,47.00
2011-2015,62075,All Cancers Combined,65.00,44.00,109.00
2011-2015,62076,All Cancers Combined,4.00,2.00,6.00
2011-2015,62077,All Cancers Combined,13.00,6.00,19.00
2011-2015,62078,All Cancers Combined,2.00,3.00,5.00
2011-2015,62079,All Cancers Combined,2.00,7.00,9.00
2011-2015,62080,All Cancers Combined,46.00,35.00,81.00
2011-2015,62081,All Cancers Combined,9.00,2.00,11.00
2011-2015,62082,All Cancers Combined,54.00,52.00,106.00
2011-2015,62083,All Cancers Combined,2.00,5.00,7.00
2011-2015,62084,All Cancers Combined,17.00,28.00,45.00
2011-2015,62085,All Cancers Combined,1.00,7.00,8.00
2011-2015,62086,All Cancers Combined,29.00,27.00,56.00
2011-2015,62087,All Cancers Combined,36.00,27.00,63.00
2011-2015,62088,All Cancers Combined,143.00,126.00,269.00
2011-2015,62089,All Cancers Combined,9.00,10.00,19.00
2011-2015,62090,All Cancers Combined,17.00,19.00,36.00
2011-2015,62091,All Cancers Combined,4.00,1.00,5.00
2011-2015,62092,All Cancers Combined,44.00,55.00,99.00
2011-2015,62093,All Cancers Combined,10.00,9.00,19.00
2011-2015,62094,All Cancers Combined,28.00,15.00,43.00
2011-2015,62095,All Cancers Combined,169.00,192.00,361.00
2011-2015,62097,All Cancers Combined,49.00,43.00,92.00
2011-2015,62098,All Cancers Combined,1.00,1.00,2.00
2011-2015,62201,All Cancers Combined,62.00,75.00,137.00
2011-2015,62202,All Cancers Combined,8.00,6.00,14.00
2011-2015,62203,All Cancers Combined,127.00,122.00,249.00
2011-2015,62204,All Cancers Combined,107.00,91.00,198.00
2011-2015,62205,All Cancers Combined,116.00,137.00,253.00
2011-2015,62206,All Cancers Combined,164.00,210.00,374.00
2011-2015,62207,All Cancers Combined,107.00,129.00,236.00
2011-2015,62208,All Cancers Combined,269.00,262.00,531.00
2011-2015,62214,All Cancers Combined,23.00,15.00,38.00
2011-2015,62215,All Cancers Combined,14.00,18.00,32.00
2011-2015,62216,All Cancers Combined,30.00,31.00,61.00
2011-2015,62217,All Cancers Combined,16.00,5.00,21.00
2011-2015,62218,All Cancers Combined,14.00,20.00,34.00
2011-2015,62219,All Cancers Combined,21.00,15.00,36.00
2011-2015,62220,All Cancers Combined,279.00,306.00,585.00
2011-2015,62221,All Cancers Combined,316.00,348.00,664.00
2011-2015,62222,All Cancers Combined,3.00,2.00,5.00
2011-2015,62223,All Cancers Combined,248.00,304.00,552.00
2011-2015,62225,All Cancers Combined,10.00,24.00,34.00
2011-2015,62226,All Cancers Combined,373.00,525.00,898.00
2011-2015,62230,All Cancers Combined,85.00,99.00,184.00
2011-2015,62231,All Cancers Combined,122.00,129.00,251.00
2011-2015,62232,All Cancers Combined,130.00,115.00,245.00
2011-2015,62233,All Cancers Combined,119.00,109.00,228.00
2011-2015,62234,All Cancers Combined,467.00,515.00,982.00
2011-2015,62236,All Cancers Combined,194.00,165.00,359.00
2011-2015,62237,All Cancers Combined,50.00,49.00,99.00
2011-2015,62238,All Cancers Combined,18.00,13.00,31.00
2011-2015,62239,All Cancers Combined,70.00,68.00,138.00
2011-2015,62240,All Cancers Combined,34.00,30.00,64.00
2011-2015,62241,All Cancers Combined,28.00,17.00,45.00
2011-2015,62242,All Cancers Combined,25.00,20.00,45.00
2011-2015,62243,All Cancers Combined,102.00,79.00,181.00
2011-2015,62244,All Cancers Combined,15.00,12.00,27.00
2011-2015,62245,All Cancers Combined,30.00,20.00,50.00
2011-2015,62246,All Cancers Combined,142.00,146.00,288.00
2011-2015,62248,All Cancers Combined,12.00,13.00,25.00
2011-2015,62249,All Cancers Combined,234.00,260.00,494.00
2011-2015,62250,All Cancers Combined,7.00,12.00,19.00
2011-2015,62252,All Cancers Combined,0.00,4.00,4.00
2011-2015,62253,All Cancers Combined,16.00,18.00,34.00
2011-2015,62254,All Cancers Combined,82.00,88.00,170.00
2011-2015,62255,All Cancers Combined,16.00,14.00,30.00
2011-2015,62256,All Cancers Combined,4.00,5.00,9.00
2011-2015,62257,All Cancers Combined,63.00,55.00,118.00
2011-2015,62258,All Cancers Combined,123.00,127.00,250.00
2011-2015,62259,All Cancers Combined,26.00,0.00,26.00
2011-2015,62260,All Cancers Combined,117.00,113.00,230.00
2011-2015,62261,All Cancers Combined,3.00,1.00,4.00
2011-2015,62262,All Cancers Combined,33.00,27.00,60.00
2011-2015,62263,All Cancers Combined,94.00,87.00,181.00
2011-2015,62264,All Cancers Combined,45.00,62.00,107.00
2011-2015,62265,All Cancers Combined,58.00,76.00,134.00
2011-2015,62266,All Cancers Combined,2.00,1.00,3.00
2011-2015,62268,All Cancers Combined,28.00,8.00,36.00
2011-2015,62269,All Cancers Combined,415.00,455.00,870.00
2011-2015,62271,All Cancers Combined,31.00,22.00,53.00
2011-2015,62272,All Cancers Combined,31.00,20.00,51.00
2011-2015,62273,All Cancers Combined,8.00,9.00,17.00
2011-2015,62274,All Cancers Combined,122.00,120.00,242.00
2011-2015,62275,All Cancers Combined,64.00,45.00,109.00
2011-2015,62277,All Cancers Combined,24.00,19.00,43.00
2011-2015,62278,All Cancers Combined,109.00,130.00,239.00
2011-2015,62279,All Cancers Combined,1.00,1.00,2.00
2011-2015,62280,All Cancers Combined,3.00,6.00,9.00
2011-2015,62281,All Cancers Combined,39.00,40.00,79.00
2011-2015,62282,All Cancers Combined,12.00,9.00,21.00
2011-2015,62284,All Cancers Combined,18.00,10.00,28.00
2011-2015,62285,All Cancers Combined,61.00,79.00,140.00
2011-2015,62286,All Cancers Combined,102.00,90.00,192.00
2011-2015,62288,All Cancers Combined,53.00,50.00,103.00
2011-2015,62289,All Cancers Combined,8.00,9.00,17.00
2011-2015,62292,All Cancers Combined,21.00,18.00,39.00
2011-2015,62293,All Cancers Combined,85.00,67.00,152.00
2011-2015,62294,All Cancers Combined,165.00,202.00,367.00
2011-2015,62295,All Cancers Combined,14.00,22.00,36.00
2011-2015,62297,All Cancers Combined,4.00,4.00,8.00
2011-2015,62298,All Cancers Combined,242.00,257.00,499.00
2011-2015,62301,All Cancers Combined,528.00,540.00,1068.00
2011-2015,62305,All Cancers Combined,294.00,346.00,640.00
2011-2015,62306,All Cancers Combined,3.00,2.00,5.00
2011-2015,62311,All Cancers Combined,14.00,22.00,36.00
2011-2015,62312,All Cancers Combined,37.00,38.00,75.00
2011-2015,62313,All Cancers Combined,6.00,3.00,9.00
2011-2015,62314,All Cancers Combined,16.00,17.00,33.00
2011-2015,62316,All Cancers Combined,5.00,12.00,17.00
2011-2015,62319,All Cancers Combined,4.00,8.00,12.00
2011-2015,62320,All Cancers Combined,32.00,32.00,64.00
2011-2015,62321,All Cancers Combined,68.00,67.00,135.00
2011-2015,62323,All Cancers Combined,9.00,4.00,13.00
2011-2015,62324,All Cancers Combined,13.00,22.00,35.00
2011-2015,62325,All Cancers Combined,4.00,6.00,10.00
2011-2015,62326,All Cancers Combined,43.00,43.00,86.00
2011-2015,62330,All Cancers Combined,28.00,28.00,56.00
2011-2015,62334,All Cancers Combined,4.00,6.00,10.00
2011-2015,62336,All Cancers Combined,0.00,1.00,1.00
2011-2015,62338,All Cancers Combined,20.00,23.00,43.00
2011-2015,62339,All Cancers Combined,12.00,7.00,19.00
2011-2015,62340,All Cancers Combined,39.00,39.00,78.00
2011-2015,62341,All Cancers Combined,54.00,61.00,115.00
2011-2015,62343,All Cancers Combined,8.00,6.00,14.00
2011-2015,62344,All Cancers Combined,4.00,2.00,6.00
2011-2015,62345,All Cancers Combined,7.00,7.00,14.00
2011-2015,62346,All Cancers Combined,5.00,5.00,10.00
2011-2015,62347,All Cancers Combined,29.00,41.00,70.00
2011-2015,62348,All Cancers Combined,4.00,0.00,4.00
2011-2015,62349,All Cancers Combined,15.00,10.00,25.00
2011-2015,62351,All Cancers Combined,28.00,27.00,55.00
2011-2015,62352,All Cancers Combined,2.00,3.00,5.00
2011-2015,62353,All Cancers Combined,73.00,46.00,119.00
2011-2015,62354,All Cancers Combined,36.00,31.00,67.00
2011-2015,62355,All Cancers Combined,12.00,13.00,25.00
2011-2015,62356,All Cancers Combined,9.00,8.00,17.00
2011-2015,62357,All Cancers Combined,2.00,2.00,4.00
2011-2015,62358,All Cancers Combined,11.00,14.00,25.00
2011-2015,62359,All Cancers Combined,3.00,3.00,6.00
2011-2015,62360,All Cancers Combined,24.00,21.00,45.00
2011-2015,62361,All Cancers Combined,6.00,6.00,12.00
2011-2015,62362,All Cancers Combined,7.00,10.00,17.00
2011-2015,62363,All Cancers Combined,105.00,110.00,215.00
2011-2015,62365,All Cancers Combined,13.00,12.00,25.00
2011-2015,62366,All Cancers Combined,25.00,27.00,52.00
2011-2015,62367,All Cancers Combined,11.00,22.00,33.00
2011-2015,62370,All Cancers Combined,10.00,7.00,17.00
2011-2015,62373,All Cancers Combined,5.00,5.00,10.00
2011-2015,62374,All Cancers Combined,6.00,5.00,11.00
2011-2015,62375,All Cancers Combined,6.00,6.00,12.00
2011-2015,62376,All Cancers Combined,17.00,10.00,27.00
2011-2015,62378,All Cancers Combined,12.00,12.00,24.00
2011-2015,62379,All Cancers Combined,27.00,33.00,60.00
2011-2015,62380,All Cancers Combined,10.00,5.00,15.00
2011-2015,62401,All Cancers Combined,297.00,302.00,599.00
2011-2015,62410,All Cancers Combined,11.00,14.00,25.00
2011-2015,62411,All Cancers Combined,80.00,67.00,147.00
2011-2015,62413,All Cancers Combined,10.00,8.00,18.00
2011-2015,62414,All Cancers Combined,38.00,32.00,70.00
2011-2015,62417,All Cancers Combined,54.00,51.00,105.00
2011-2015,62418,All Cancers Combined,27.00,41.00,68.00
2011-2015,62419,All Cancers Combined,6.00,9.00,15.00
2011-2015,62420,All Cancers Combined,75.00,70.00,145.00
2011-2015,62421,All Cancers Combined,9.00,8.00,17.00
2011-2015,62422,All Cancers Combined,18.00,15.00,33.00
2011-2015,62423,All Cancers Combined,13.00,9.00,22.00
2011-2015,62424,All Cancers Combined,35.00,24.00,59.00
2011-2015,62425,All Cancers Combined,13.00,14.00,27.00
2011-2015,62426,All Cancers Combined,25.00,15.00,40.00
2011-2015,62427,All Cancers Combined,28.00,22.00,50.00
2011-2015,62428,All Cancers Combined,57.00,38.00,95.00
2011-2015,62431,All Cancers Combined,25.00,19.00,44.00
2011-2015,62432,All Cancers Combined,14.00,8.00,22.00
2011-2015,62433,All Cancers Combined,24.00,9.00,33.00
2011-2015,62434,All Cancers Combined,8.00,3.00,11.00
2011-2015,62436,All Cancers Combined,21.00,10.00,31.00
2011-2015,62438,All Cancers Combined,7.00,7.00,14.00
2011-2015,62439,All Cancers Combined,143.00,126.00,269.00
2011-2015,62440,All Cancers Combined,20.00,14.00,34.00
2011-2015,62441,All Cancers Combined,123.00,121.00,244.00
2011-2015,62442,All Cancers Combined,52.00,28.00,80.00
2011-2015,62443,All Cancers Combined,23.00,25.00,48.00
2011-2015,62444,All Cancers Combined,7.00,6.00,13.00
2011-2015,62445,All Cancers Combined,14.00,9.00,23.00
2011-2015,62446,All Cancers Combined,3.00,5.00,8.00
2011-2015,62447,All Cancers Combined,51.00,53.00,104.00
2011-2015,62448,All Cancers Combined,110.00,101.00,211.00
2011-2015,62449,All Cancers Combined,59.00,48.00,107.00
2011-2015,62450,All Cancers Combined,210.00,222.00,432.00
2011-2015,62451,All Cancers Combined,52.00,35.00,87.00
2011-2015,62452,All Cancers Combined,5.00,5.00,10.00
2011-2015,62454,All Cancers Combined,191.00,173.00,364.00
2011-2015,62458,All Cancers Combined,35.00,34.00,69.00
2011-2015,62459,All Cancers Combined,4.00,9.00,13.00
2011-2015,62460,All Cancers Combined,18.00,18.00,36.00
2011-2015,62461,All Cancers Combined,15.00,12.00,27.00
2011-2015,62462,All Cancers Combined,17.00,17.00,34.00
2011-2015,62463,All Cancers Combined,21.00,22.00,43.00
2011-2015,62464,All Cancers Combined,2.00,5.00,7.00
2011-2015,62465,All Cancers Combined,13.00,10.00,23.00
2011-2015,62466,All Cancers Combined,61.00,42.00,103.00
2011-2015,62467,All Cancers Combined,61.00,41.00,102.00
2011-2015,62468,All Cancers Combined,33.00,38.00,71.00
2011-2015,62469,All Cancers Combined,9.00,4.00,13.00
2011-2015,62471,All Cancers Combined,156.00,146.00,302.00
2011-2015,62473,All Cancers Combined,12.00,19.00,31.00
2011-2015,62474,All Cancers Combined,11.00,13.00,24.00
2011-2015,62475,All Cancers Combined,10.00,7.00,17.00
2011-2015,62476,All Cancers Combined,33.00,27.00,60.00
2011-2015,62477,All Cancers Combined,15.00,19.00,34.00
2011-2015,62478,All Cancers Combined,5.00,8.00,13.00
2011-2015,62479,All Cancers Combined,19.00,6.00,25.00
2011-2015,62480,All Cancers Combined,5.00,14.00,19.00
2011-2015,62481,All Cancers Combined,7.00,7.00,14.00
2011-2015,62501,All Cancers Combined,54.00,54.00,108.00
2011-2015,62510,All Cancers Combined,33.00,17.00,50.00
2011-2015,62512,All Cancers Combined,8.00,8.00,16.00
2011-2015,62513,All Cancers Combined,29.00,25.00,54.00
2011-2015,62514,All Cancers Combined,6.00,5.00,11.00
2011-2015,62515,All Cancers Combined,13.00,28.00,41.00
2011-2015,62517,All Cancers Combined,3.00,2.00,5.00
2011-2015,62518,All Cancers Combined,23.00,10.00,33.00
2011-2015,62519,All Cancers Combined,1.00,3.00,4.00
2011-2015,62520,All Cancers Combined,28.00,25.00,53.00
2011-2015,62521,All Cancers Combined,708.00,715.00,1423.00
2011-2015,62522,All Cancers Combined,253.00,248.00,501.00
2011-2015,62523,All Cancers Combined,13.00,6.00,19.00
2011-2015,62524,All Cancers Combined,7.00,5.00,12.00
2011-2015,62525,All Cancers Combined,9.00,7.00,16.00
2011-2015,62526,All Cancers Combined,628.00,690.00,1318.00
2011-2015,62530,All Cancers Combined,26.00,28.00,54.00
2011-2015,62531,All Cancers Combined,34.00,22.00,56.00
2011-2015,62532,All Cancers Combined,0.00,2.00,2.00
2011-2015,62533,All Cancers Combined,14.00,18.00,32.00
2011-2015,62534,All Cancers Combined,28.00,26.00,54.00
2011-2015,62535,All Cancers Combined,63.00,63.00,126.00
2011-2015,62536,All Cancers Combined,17.00,10.00,27.00
2011-2015,62537,All Cancers Combined,7.00,6.00,13.00
2011-2015,62538,All Cancers Combined,3.00,8.00,11.00
2011-2015,62539,All Cancers Combined,22.00,25.00,47.00
2011-2015,62540,All Cancers Combined,24.00,29.00,53.00
2011-2015,62541,All Cancers Combined,1.00,3.00,4.00
2011-2015,62543,All Cancers Combined,13.00,9.00,22.00
2011-2015,62544,All Cancers Combined,39.00,28.00,67.00
2011-2015,62545,All Cancers Combined,22.00,29.00,51.00
2011-2015,62546,All Cancers Combined,29.00,21.00,50.00
2011-2015,62547,All Cancers Combined,26.00,11.00,37.00
2011-2015,62548,All Cancers Combined,39.00,51.00,90.00
2011-2015,62549,All Cancers Combined,78.00,88.00,166.00
2011-2015,62550,All Cancers Combined,40.00,36.00,76.00
2011-2015,62551,All Cancers Combined,12.00,10.00,22.00
2011-2015,62553,All Cancers Combined,14.00,10.00,24.00
2011-2015,62554,All Cancers Combined,23.00,17.00,40.00
2011-2015,62555,All Cancers Combined,7.00,7.00,14.00
2011-2015,62556,All Cancers Combined,7.00,9.00,16.00
2011-2015,62557,All Cancers Combined,153.00,155.00,308.00
2011-2015,62558,All Cancers Combined,55.00,54.00,109.00
2011-2015,62560,All Cancers Combined,28.00,22.00,50.00
2011-2015,62561,All Cancers Combined,96.00,74.00,170.00
2011-2015,62563,All Cancers Combined,103.00,90.00,193.00
2011-2015,62565,All Cancers Combined,154.00,155.00,309.00
2011-2015,62567,All Cancers Combined,25.00,16.00,41.00
2011-2015,62568,All Cancers Combined,291.00,266.00,557.00
2011-2015,62570,All Cancers Combined,10.00,9.00,19.00
2011-2015,62571,All Cancers Combined,25.00,28.00,53.00
2011-2015,62572,All Cancers Combined,8.00,11.00,19.00
2011-2015,62573,All Cancers Combined,30.00,28.00,58.00
2011-2015,62601,All Cancers Combined,11.00,9.00,20.00
2011-2015,62610,All Cancers Combined,6.00,5.00,11.00
2011-2015,62611,All Cancers Combined,16.00,17.00,33.00
2011-2015,62612,All Cancers Combined,31.00,31.00,62.00
2011-2015,62613,All Cancers Combined,61.00,67.00,128.00
2011-2015,62615,All Cancers Combined,74.00,69.00,143.00
2011-2015,62617,All Cancers Combined,14.00,15.00,29.00
2011-2015,62618,All Cancers Combined,134.00,99.00,233.00
2011-2015,62621,All Cancers Combined,32.00,18.00,50.00
2011-2015,62624,All Cancers Combined,15.00,12.00,27.00
2011-2015,62625,All Cancers Combined,17.00,17.00,34.00
2011-2015,62626,All Cancers Combined,168.00,130.00,298.00
2011-2015,62627,All Cancers Combined,18.00,15.00,33.00
2011-2015,62628,All Cancers Combined,17.00,22.00,39.00
2011-2015,62629,All Cancers Combined,169.00,167.00,336.00
2011-2015,62630,All Cancers Combined,7.00,10.00,17.00
2011-2015,62631,All Cancers Combined,4.00,5.00,9.00
2011-2015,62633,All Cancers Combined,12.00,13.00,25.00
2011-2015,62634,All Cancers Combined,7.00,11.00,18.00
2011-2015,62635,All Cancers Combined,14.00,12.00,26.00
2011-2015,62638,All Cancers Combined,23.00,13.00,36.00
2011-2015,62639,All Cancers Combined,4.00,2.00,6.00
2011-2015,62640,All Cancers Combined,73.00,53.00,126.00
2011-2015,62642,All Cancers Combined,29.00,23.00,52.00
2011-2015,62643,All Cancers Combined,8.00,3.00,11.00
2011-2015,62644,All Cancers Combined,107.00,84.00,191.00
2011-2015,62649,All Cancers Combined,6.00,8.00,14.00
2011-2015,62650,All Cancers Combined,482.00,414.00,896.00
2011-2015,62651,All Cancers Combined,4.00,6.00,10.00
2011-2015,62655,All Cancers Combined,14.00,13.00,27.00
2011-2015,62656,All Cancers Combined,349.00,359.00,708.00
2011-2015,62661,All Cancers Combined,26.00,17.00,43.00
2011-2015,62663,All Cancers Combined,2.00,4.00,6.00
2011-2015,62664,All Cancers Combined,58.00,50.00,108.00
2011-2015,62665,All Cancers Combined,29.00,23.00,52.00
2011-2015,62666,All Cancers Combined,13.00,10.00,23.00
2011-2015,62667,All Cancers Combined,9.00,11.00,20.00
2011-2015,62668,All Cancers Combined,31.00,20.00,51.00
2011-2015,62670,All Cancers Combined,54.00,49.00,103.00
2011-2015,62671,All Cancers Combined,7.00,11.00,18.00
2011-2015,62672,All Cancers Combined,8.00,7.00,15.00
2011-2015,62673,All Cancers Combined,12.00,11.00,23.00
2011-2015,62674,All Cancers Combined,27.00,21.00,48.00
2011-2015,62675,All Cancers Combined,106.00,107.00,213.00
2011-2015,62677,All Cancers Combined,57.00,46.00,103.00
2011-2015,62681,All Cancers Combined,117.00,86.00,203.00
2011-2015,62682,All Cancers Combined,12.00,17.00,29.00
2011-2015,62684,All Cancers Combined,75.00,88.00,163.00
2011-2015,62685,All Cancers Combined,36.00,25.00,61.00
2011-2015,62688,All Cancers Combined,17.00,10.00,27.00
2011-2015,62689,All Cancers Combined,6.00,6.00,12.00
2011-2015,62690,All Cancers Combined,71.00,59.00,130.00
2011-2015,62691,All Cancers Combined,54.00,49.00,103.00
2011-2015,62692,All Cancers Combined,35.00,45.00,80.00
2011-2015,62693,All Cancers Combined,17.00,30.00,47.00
2011-2015,62694,All Cancers Combined,72.00,60.00,132.00
2011-2015,62695,All Cancers Combined,10.00,11.00,21.00
2011-2015,62701,All Cancers Combined,17.00,23.00,40.00
2011-2015,62702,All Cancers Combined,610.00,659.00,1269.00
2011-2015,62703,All Cancers Combined,429.00,530.00,959.00
2011-2015,62704,All Cancers Combined,623.00,713.00,1336.00
2011-2015,62705,All Cancers Combined,6.00,9.00,15.00
2011-2015,62707,All Cancers Combined,147.00,140.00,287.00
2011-2015,62708,All Cancers Combined,12.00,11.00,23.00
2011-2015,62711,All Cancers Combined,280.00,305.00,585.00
2011-2015,62712,All Cancers Combined,160.00,162.00,322.00
2011-2015,62791,All Cancers Combined,4.00,8.00,12.00
2011-2015,62794,All Cancers Combined,0.00,3.00,3.00
2011-2015,62801,All Cancers Combined,444.00,378.00,822.00
2011-2015,62803,All Cancers Combined,12.00,9.00,21.00
2011-2015,62806,All Cancers Combined,49.00,63.00,112.00
2011-2015,62807,All Cancers Combined,17.00,27.00,44.00
2011-2015,62808,All Cancers Combined,36.00,26.00,62.00
2011-2015,62809,All Cancers Combined,6.00,5.00,11.00
2011-2015,62810,All Cancers Combined,18.00,20.00,38.00
2011-2015,62811,All Cancers Combined,9.00,5.00,14.00
2011-2015,62812,All Cancers Combined,253.00,243.00,496.00
2011-2015,62814,All Cancers Combined,36.00,32.00,68.00
2011-2015,62815,All Cancers Combined,5.00,13.00,18.00
2011-2015,62816,All Cancers Combined,28.00,14.00,42.00
2011-2015,62817,All Cancers Combined,8.00,5.00,13.00
2011-2015,62818,All Cancers Combined,8.00,4.00,12.00
2011-2015,62819,All Cancers Combined,10.00,9.00,19.00
2011-2015,62820,All Cancers Combined,1.00,6.00,7.00
2011-2015,62821,All Cancers Combined,166.00,146.00,312.00
2011-2015,62822,All Cancers Combined,58.00,62.00,120.00
2011-2015,62823,All Cancers Combined,36.00,27.00,63.00
2011-2015,62824,All Cancers Combined,28.00,35.00,63.00
2011-2015,62825,All Cancers Combined,7.00,4.00,11.00
2011-2015,62827,All Cancers Combined,18.00,12.00,30.00
2011-2015,62828,All Cancers Combined,31.00,24.00,55.00
2011-2015,62830,All Cancers Combined,22.00,35.00,57.00
2011-2015,62831,All Cancers Combined,12.00,12.00,24.00
2011-2015,62832,All Cancers Combined,143.00,166.00,309.00
2011-2015,62833,All Cancers Combined,8.00,4.00,12.00
2011-2015,62835,All Cancers Combined,15.00,20.00,35.00
2011-2015,62836,All Cancers Combined,9.00,16.00,25.00
2011-2015,62837,All Cancers Combined,164.00,145.00,309.00
2011-2015,62838,All Cancers Combined,24.00,22.00,46.00
2011-2015,62839,All Cancers Combined,109.00,138.00,247.00
2011-2015,62841,All Cancers Combined,7.00,4.00,11.00
2011-2015,62842,All Cancers Combined,11.00,15.00,26.00
2011-2015,62843,All Cancers Combined,1.00,2.00,3.00
2011-2015,62844,All Cancers Combined,47.00,53.00,100.00
2011-2015,62846,All Cancers Combined,28.00,16.00,44.00
2011-2015,62848,All Cancers Combined,7.00,16.00,23.00
2011-2015,62849,All Cancers Combined,33.00,28.00,61.00
2011-2015,62850,All Cancers Combined,7.00,3.00,10.00
2011-2015,62851,All Cancers Combined,8.00,7.00,15.00
2011-2015,62852,All Cancers Combined,2.00,3.00,5.00
2011-2015,62853,All Cancers Combined,14.00,11.00,25.00
2011-2015,62854,All Cancers Combined,27.00,27.00,54.00
2011-2015,62856,All Cancers Combined,9.00,5.00,14.00
2011-2015,62858,All Cancers Combined,46.00,50.00,96.00
2011-2015,62859,All Cancers Combined,146.00,94.00,240.00
2011-2015,62860,All Cancers Combined,18.00,9.00,27.00
2011-2015,62861,All Cancers Combined,5.00,0.00,5.00
2011-2015,62862,All Cancers Combined,4.00,5.00,9.00
2011-2015,62863,All Cancers Combined,185.00,168.00,353.00
2011-2015,62864,All Cancers Combined,460.00,455.00,915.00
2011-2015,62865,All Cancers Combined,39.00,30.00,69.00
2011-2015,62867,All Cancers Combined,8.00,12.00,20.00
2011-2015,62868,All Cancers Combined,32.00,12.00,44.00
2011-2015,62869,All Cancers Combined,53.00,46.00,99.00
2011-2015,62870,All Cancers Combined,56.00,35.00,91.00
2011-2015,62871,All Cancers Combined,5.00,10.00,15.00
2011-2015,62872,All Cancers Combined,15.00,16.00,31.00
2011-2015,62874,All Cancers Combined,12.00,10.00,22.00
2011-2015,62875,All Cancers Combined,26.00,27.00,53.00
2011-2015,62876,All Cancers Combined,6.00,7.00,13.00
2011-2015,62877,All Cancers Combined,11.00,6.00,17.00
2011-2015,62878,All Cancers Combined,4.00,4.00,8.00
2011-2015,62879,All Cancers Combined,2.00,1.00,3.00
2011-2015,62880,All Cancers Combined,8.00,6.00,14.00
2011-2015,62881,All Cancers Combined,195.00,192.00,387.00
2011-2015,62882,All Cancers Combined,47.00,30.00,77.00
2011-2015,62883,All Cancers Combined,15.00,7.00,22.00
2011-2015,62884,All Cancers Combined,59.00,55.00,114.00
2011-2015,62885,All Cancers Combined,17.00,5.00,22.00
2011-2015,62886,All Cancers Combined,10.00,9.00,19.00
2011-2015,62887,All Cancers Combined,6.00,4.00,10.00
2011-2015,62888,All Cancers Combined,36.00,37.00,73.00
2011-2015,62889,All Cancers Combined,7.00,16.00,23.00
2011-2015,62890,All Cancers Combined,49.00,36.00,85.00
2011-2015,62891,All Cancers Combined,19.00,6.00,25.00
2011-2015,62892,All Cancers Combined,4.00,8.00,12.00
2011-2015,62893,All Cancers Combined,19.00,10.00,29.00
2011-2015,62894,All Cancers Combined,15.00,11.00,26.00
2011-2015,62895,All Cancers Combined,39.00,28.00,67.00
2011-2015,62896,All Cancers Combined,224.00,226.00,450.00
2011-2015,62897,All Cancers Combined,11.00,9.00,20.00
2011-2015,62898,All Cancers Combined,33.00,32.00,65.00
2011-2015,62899,All Cancers Combined,45.00,24.00,69.00
2011-2015,62901,All Cancers Combined,183.00,206.00,389.00
2011-2015,62902,All Cancers Combined,59.00,63.00,122.00
2011-2015,62903,All Cancers Combined,32.00,23.00,55.00
2011-2015,62905,All Cancers Combined,16.00,9.00,25.00
2011-2015,62906,All Cancers Combined,136.00,157.00,293.00
2011-2015,62907,All Cancers Combined,37.00,38.00,75.00
2011-2015,62908,All Cancers Combined,5.00,6.00,11.00
2011-2015,62910,All Cancers Combined,46.00,38.00,84.00
2011-2015,62912,All Cancers Combined,18.00,23.00,41.00
2011-2015,62914,All Cancers Combined,51.00,51.00,102.00
2011-2015,62915,All Cancers Combined,11.00,13.00,24.00
2011-2015,62916,All Cancers Combined,11.00,14.00,25.00
2011-2015,62917,All Cancers Combined,48.00,47.00,95.00
2011-2015,62918,All Cancers Combined,132.00,143.00,275.00
2011-2015,62919,All Cancers Combined,21.00,26.00,47.00
2011-2015,62920,All Cancers Combined,57.00,62.00,119.00
2011-2015,62921,All Cancers Combined,6.00,6.00,12.00
2011-2015,62922,All Cancers Combined,80.00,51.00,131.00
2011-2015,62923,All Cancers Combined,9.00,6.00,15.00
2011-2015,62924,All Cancers Combined,40.00,36.00,76.00
2011-2015,62926,All Cancers Combined,34.00,37.00,71.00
2011-2015,62927,All Cancers Combined,2.00,6.00,8.00
2011-2015,62928,All Cancers Combined,4.00,6.00,10.00
2011-2015,62930,All Cancers Combined,115.00,91.00,206.00
2011-2015,62931,All Cancers Combined,39.00,28.00,67.00
2011-2015,62932,All Cancers Combined,22.00,34.00,56.00
2011-2015,62933,All Cancers Combined,32.00,32.00,64.00
2011-2015,62934,All Cancers Combined,21.00,19.00,40.00
2011-2015,62935,All Cancers Combined,31.00,38.00,69.00
2011-2015,62938,All Cancers Combined,59.00,51.00,110.00
2011-2015,62939,All Cancers Combined,68.00,56.00,124.00
2011-2015,62940,All Cancers Combined,9.00,1.00,10.00
2011-2015,62941,All Cancers Combined,9.00,20.00,29.00
2011-2015,62942,All Cancers Combined,6.00,10.00,16.00
2011-2015,62943,All Cancers Combined,14.00,13.00,27.00
2011-2015,62946,All Cancers Combined,204.00,217.00,421.00
2011-2015,62947,All Cancers Combined,13.00,11.00,24.00
2011-2015,62948,All Cancers Combined,202.00,219.00,421.00
2011-2015,62949,All Cancers Combined,16.00,16.00,32.00
2011-2015,62950,All Cancers Combined,3.00,3.00,6.00
2011-2015,62951,All Cancers Combined,100.00,108.00,208.00
2011-2015,62952,All Cancers Combined,69.00,65.00,134.00
2011-2015,62953,All Cancers Combined,8.00,9.00,17.00
2011-2015,62954,All Cancers Combined,10.00,9.00,19.00
2011-2015,62956,All Cancers Combined,8.00,13.00,21.00
2011-2015,62957,All Cancers Combined,12.00,22.00,34.00
2011-2015,62958,All Cancers Combined,39.00,31.00,70.00
2011-2015,62959,All Cancers Combined,492.00,443.00,935.00
2011-2015,62960,All Cancers Combined,189.00,174.00,363.00
2011-2015,62961,All Cancers Combined,1.00,0.00,1.00
2011-2015,62962,All Cancers Combined,3.00,0.00,3.00
2011-2015,62963,All Cancers Combined,12.00,7.00,19.00
2011-2015,62964,All Cancers Combined,26.00,22.00,48.00
2011-2015,62965,All Cancers Combined,1.00,0.00,1.00
2011-2015,62966,All Cancers Combined,244.00,219.00,463.00
2011-2015,62967,All Cancers Combined,3.00,4.00,7.00
2011-2015,62969,All Cancers Combined,11.00,13.00,24.00
2011-2015,62970,All Cancers Combined,17.00,11.00,28.00
2011-2015,62972,All Cancers Combined,31.00,7.00,38.00
2011-2015,62973,All Cancers Combined,1.00,0.00,1.00
2011-2015,62974,All Cancers Combined,25.00,21.00,46.00
2011-2015,62975,All Cancers Combined,9.00,4.00,13.00
2011-2015,62976,All Cancers Combined,7.00,12.00,19.00
2011-2015,62977,All Cancers Combined,13.00,8.00,21.00
2011-2015,62979,All Cancers Combined,23.00,17.00,40.00
2011-2015,62982,All Cancers Combined,22.00,23.00,45.00
2011-2015,62983,All Cancers Combined,24.00,17.00,41.00
2011-2015,62984,All Cancers Combined,30.00,27.00,57.00
2011-2015,62985,All Cancers Combined,20.00,15.00,35.00
2011-2015,62987,All Cancers Combined,20.00,23.00,43.00
2011-2015,62988,All Cancers Combined,29.00,27.00,56.00
2011-2015,62990,All Cancers Combined,25.00,20.00,45.00
2011-2015,62992,All Cancers Combined,17.00,10.00,27.00
2011-2015,62994,All Cancers Combined,13.00,9.00,22.00
2011-2015,62995,All Cancers Combined,89.00,65.00,154.00
2011-2015,62996,All Cancers Combined,28.00,11.00,39.00
2011-2015,62997,All Cancers Combined,18.00,5.00,23.00
2011-2015,62998,All Cancers Combined,11.00,2.00,13.00
2011-2015,62999,All Cancers Combined,33.00,31.00,64.00
,,,,,
Cancer Incidence: By Zip Code,,,,,
Five-Year Cancer Incidence Counts,,,,,
"Source: Illinois Department of Public Health, Illinois State Cancer Registry,
data as of November 2017.",,,,,